
/* Carreras */
insert into acreditacion_abet values (40,'Ingeniería de Sistemas y Computación','2014-1');

/* Profesores */
insert into profesor values (1,'Gerardo M. Sarria M.','TC');
insert into profesor values (2,'Juan Carlos Martinez','TC');
insert into profesor values (3,'Michell Andrés Gómez Leiva','TC');
insert into profesor values (4,'Camilo Rueda','TC');
insert into profesor values (5,'Maria Constanza Pabon','TC');
insert into profesor values (6,'Diego Fdo. Polo','HC');
insert into profesor values (7,'Gloria I. Alvarez','TC');
insert into profesor values (8,'Maribel Sacanamboy','TC');
insert into profesor values (9,'Andrés Navarro','TC');
insert into profesor values (10,'Jose Eduardo Tofiño','TC');

/* Asignaturas */
insert into asignatura (codigo,grupo,nombre,id_carrera,id_profesor,periodo) values ('300CIP002','A','Fundamentos y Estructuras de Programación',40,1,'2014-1');
insert into asignatura (codigo,grupo,nombre,id_carrera,id_profesor,periodo) values ('300CIG006','A','Arquitectura del Computador II',40,8,'2014-1');
insert into asignatura (codigo,grupo,nombre,id_carrera,id_profesor,periodo) values ('300CIG010','A','Aspectos Sociales y Profesionales',40,6,'2014-1');
insert into asignatura (codigo,grupo,nombre,id_carrera,id_profesor,periodo) values ('300CIG007','A','Computabilidad y Lenguajes Formales',40,7,'2014-1');
insert into asignatura (codigo,grupo,nombre,id_carrera,id_profesor,periodo) values ('300CIG008','A','Computación Gráfica',40,9,'2014-1');
insert into asignatura (codigo,grupo,nombre,id_carrera,id_profesor,periodo) values ('300CIS002','A','Desarrollo Formal de Programas',40,4,'2014-1');
insert into asignatura (codigo,grupo,nombre,id_carrera,id_profesor,periodo) values ('300CID001','A','Gestión y Modelado de Datos',40,5,'2014-1');
insert into asignatura (codigo,grupo,nombre,id_carrera,id_profesor,periodo) values ('300CIG002','A','Lógica en Ciencias de la Computación',40,10,'2014-1');
insert into asignatura (codigo,grupo,nombre,id_carrera,id_profesor,periodo) values ('300MAG031','A','Matemáticas Discretas para la Computación',40,3,'2014-1');
insert into asignatura (codigo,grupo,nombre,id_carrera,id_profesor,periodo) values ('300CIS005','A','Procesos de Ingeniería de Software',40,2,'2014-1');

/* Estudiantes */
insert into estudiante values ('000001','Pepito Perez','300CIP002');
insert into estudiante values ('000002','Pepita Mendieta','300CIP002');

/* Resultados de Programa */
insert into resultado_de_programa values ('A','Habilidad para aplicar conocimientos de matemáticas, ciencias e ingeniería','');
insert into resultado_de_programa values ('B','Habilidad para analizar un problema e identificar los requerimientos necesarios para su definición y solución','');
insert into resultado_de_programa values ('C','Habilidad para diseñar, implementar y evaluar procesos y sistemas computacionales','');
insert into resultado_de_programa values ('D','Habilidad para funcionar en equipos de trabajo','');
insert into resultado_de_programa values ('E','Entendimiento de la responsabilidad profesional y ética','');
insert into resultado_de_programa values ('F','Habilidad para comunicarse efectivamente','');
insert into resultado_de_programa values ('G','Habilidad para analizar los impactos de la computación y la ingeniería en las personas, organizaciones y la sociedad','');
insert into resultado_de_programa values ('H','Reconocimiento de la necesidad de, y la habilidad para, continuar con el desarrollo profesional','');
insert into resultado_de_programa values ('I','Habilidad para usar las técnicas, destrezas y herramientas modernas para la práctica de la computación','');
insert into resultado_de_programa values ('J','Habilidad para aplicar los fundamentos y principios de las matemáticas y de la computación en el modelamiento y diseño de sistemas computacionales','');
insert into resultado_de_programa values ('K','Habilidad para aplicar los principios de diseño y desarrollo de software en la construcción de sistemas de diferente complejidad','');

/* Definicion de los indicadores de desempeño */
/*
insert into indicador_de_desempeno values ('A.1','Identifica los fundamentos científicos y los principios de ingeniería que rigen un proceso o sistema. (Conocimiento)','A');
insert into indicador_de_desempeno values ('A.2','Resuelve problemas relacionados con la disciplina y otras áreas por medio de la utilización de conocimientos, modelos y formalismos de las ciencias de la computación, las matemáticas y la ingeniería. (Aplicación)','A');
insert into indicador_de_desempeno values ('A.3','Analiza conjuntos de datos. (Análisis)','A');
insert into indicador_de_desempeno values ('A.4','Interpreta modelos matemáticos para estimar su precisión y confiabilidad. (Comprensión)','A');
insert into indicador_de_desempeno values ('B.1','Describe procesos de manera declarativa ignorando los detalles de su implementación. (Comprensión).','B');
insert into indicador_de_desempeno values ('B.2','Utiliza el lenguaje propio de las matemáticas, la lógica y la ingeniería para especificar requerimientos funcionales y no funcionales de un sistema o proceso. (Aplicación)','B');
insert into indicador_de_desempeno values ('B.3','Sintetiza la información, evidencias y hechos necesarios para analizar un problema. (Análisis - Síntesis)','B');
insert into indicador_de_desempeno values ('B.4','Formula hipótesis. (Síntesis)','B');
insert into indicador_de_desempeno values ('C.1','Utiliza estándares de codificación en la implementación de componentes de software. (Aplicación)','C');
insert into indicador_de_desempeno values ('C.2','Identifica componentes, interacciones, relaciones e interfaces entre componentes. (Análisis)','C');
insert into indicador_de_desempeno values ('C.3','Diseña procesos y componentes de software haciendo uso de la notación, técnicas y herramientas adecuadas. (Síntesis)','C');
insert into indicador_de_desempeno values ('C.4','Evalua un componente de software de acuerdo a su complejidad temporal y espacial. (Evaluación)','C');
insert into indicador_de_desempeno values ('D.1','Reconoce el rol cada vez más predominante de la computación en entornos multidisciplinarios. (Conocimiento)','D');
insert into indicador_de_desempeno values ('D.2','Participa en tareas y en la toma de decisiones. (Respuesta - Afectivo)','D');
insert into indicador_de_desempeno values ('D.3','Integra diferentes puntos de vista, información, críticas y retroalimentación para proponer una solución. (Síntesis)','D');
insert into indicador_de_desempeno values ('D.4','Define tareas, roles y responsabilidades. (Aplicación)','C');
insert into indicador_de_desempeno values ('E.1','Identifica los códigos de ética relacionados con la disciplina. (Conocimiento)','E');
insert into indicador_de_desempeno values ('E.2','Muestra responsabilidad y un adecuado comportamiento profesional. (Valuación)','E');
insert into indicador_de_desempeno values ('E.3','Identifica pros y contras en decisiones éticas relacionadas con la práctica profesional. (Análisis)','E');
insert into indicador_de_desempeno values ('E.4','Discute y justifica decisiones éticas. (Evaluación)','E');
insert into indicador_de_desempeno values ('F.1','Produce textos de manera efectiva teniendo en cuenta la estructura, coherencia, flujo, ortografía y correcto uso del lenguaje. (Aplicación)','F');
insert into indicador_de_desempeno values ('F.2','Comunica de manera efectiva de acuerdo al público objetivo haciendo uso correcto del lenguaje, estilo, tiempo y expresión corporal. (Aplicación)','F');
insert into indicador_de_desempeno values ('F.3','Utiliza recursos gráficos para comunicar y expresar una idea. (Aplicación)','F');
insert into indicador_de_desempeno values ('F.4','Defiende ideas con precisión y claridad. (Evaluación)','F');
insert into indicador_de_desempeno values ('G.1','Identifica los eventos históricos y contemporáneos que la computación y la ingeniería han afectado. (Comprensión)','G');
insert into indicador_de_desempeno values ('G.2','Utiliza los conocimientos para identificar los impactos de las soluciones en ingeniería y computación. (Aplicación)','G');
insert into indicador_de_desempeno values ('G.3','Analiza los impactos locales y globales de la computación y la ingeniería. (Análisis)','G');
insert into indicador_de_desempeno values ('G.4','Juzga los impactos de la computación y la ingeniería en el mundo. (Evaluación)','G');
insert into indicador_de_desempeno values ('H.1','Reconoce la importancia del conocimiento tanto en amplitud como en profundidad. (Compresión)','H');
insert into indicador_de_desempeno values ('H.2','Aplica nuevo conocimiento para resolver un problema o desarrollar una solución. (Aplicación)','H');
insert into indicador_de_desempeno values ('H.3','Interpreta y evaluar información de diferentes fuentes y establecer conexiones con conocimientos previos. (Síntesis - Evaluación)','H');
insert into indicador_de_desempeno values ('H.4','Muestra disposición par aprender nuevas cosas por medio de estudio personal. (Valuación)','H');
insert into indicador_de_desempeno values ('I.1','Utiliza herramientas de desarrollo de software. (Aplicación)','I');
insert into indicador_de_desempeno values ('I.2','Utiliza herramientas de diseño, modelamiento y simulación. (Aplicación)','I');
insert into indicador_de_desempeno values ('I.3','Combina herramientas de software y hardware para resolver un problema. (Síntesis)','I');
insert into indicador_de_desempeno values ('I.4','Demuestra flexibilidad para adaptarse a diferentes paradigmas y lenguajes de programación. (Valuación)','I');
insert into indicador_de_desempeno values ('J.1','Reconoce la importancia del modelamiento cuando se resuelve un problema. (Compresión)','J');
insert into indicador_de_desempeno values ('J.2','Relaciona conceptos y principios teóricos para la resolución efectiva de un problema. (Síntesis)','J');
insert into indicador_de_desempeno values ('J.3','Combina principios de matemáticas, computación e ingeniería para modelar una situación. (Síntesis)','J');
insert into indicador_de_desempeno values ('J.4','Evalua decisiones de diseño basándose en principios matemáticos y de computación. (Evaluación)','J');
insert into indicador_de_desempeno values ('K.1','Hace seguimiento a cronogramas y adaptar los recursos necesarios para cumplir con sus hitos. (Aplicación)','K');
insert into indicador_de_desempeno values ('K.2','Implementa e integra componentes de software respetando los criterios de diseño. (Aplicación)','K');
insert into indicador_de_desempeno values ('K.3','Establece invariantes y propiedades de componentes de software. (Análisis)','K');
insert into indicador_de_desempeno values ('K.4','Evalua y verifica soluciones de software con respecto a las restricciones y requerimientos establecidos. (Aplicación - Evaluación)','K');
*/
insert into indicador_de_desempeno values ('A.1.1','Identifica los principios fundamentales científicos y de ingeniería que gobiernan un proceso o sistema dado','A');
insert into indicador_de_desempeno values ('A.1.2','Aplica conceptos matemáticos y físicos para resolver problemas','A');
insert into indicador_de_desempeno values ('A.1.3','Analiza conjuntos de datos usando métodos estadísticos','A');
insert into indicador_de_desempeno values ('A.1.4','Interpreta modelos matemáticos para estimar precisión y fiabilidad','A');
insert into indicador_de_desempeno values ('A.2.1','Resuelve problemas relacionados con la disciplina y otras áreas usando conocimiento, modelos y formalismos de las ciencias de la computación','A');
insert into indicador_de_desempeno values ('A.2.2','Usa técnicas y conocimiento de la ingeniería para gestionar un proyecto','A');
insert into indicador_de_desempeno values ('B.1.1','Identifica y formula un problema','B');
insert into indicador_de_desempeno values ('B.1.2','Describe procesos declarativamente, abstraídos del comportamiento de la implementación','B');
insert into indicador_de_desempeno values ('B.1.3','Analiza riesgos y relación costo-beneficio de la ingeniería','B');
insert into indicador_de_desempeno values ('B.1.4','Analiza escenarios con incertidumbre','B');
insert into indicador_de_desempeno values ('B.1.5','Formula hipótesis','B');
insert into indicador_de_desempeno values ('B.1.6','Identifica oportunidades que derivan de tecnología (computacional)','B');
insert into indicador_de_desempeno values ('B.2.1','Identifica requerimientos estáticos y dinámicos (e.g. variables, entidades, relaciones, acciones, casos de uso)','B');
insert into indicador_de_desempeno values ('B.2.2','Identifica requerimientos técnicos (e.g. seguridad, rendimiento, arquitectura, usabilidad, escalabilidad)','B');
insert into indicador_de_desempeno values ('B.2.3','Identifica requerimientos no-técnicos (e.g. costo de la solución, aspectos ambientales, sociales, económicos)','B');
insert into indicador_de_desempeno values ('B.3.1','Identifica conflictos y restricciones y requerimientos contradictorios al igual que chequea consistencia y completitud del análisis de requerimientos','B');
insert into indicador_de_desempeno values ('B.3.2','Usa notación y metodologías estándares para realizar el análisis de requerimientos','B');
insert into indicador_de_desempeno values ('C.1.1','Diseña procesos y artefactos de software siguiendo una apropiada metodología de diseño, herramietnas y notación','C');
insert into indicador_de_desempeno values ('C.1.2','Desarrolla un nivel de abstracción apropiado en el diseño','C');
insert into indicador_de_desempeno values ('C.1.3','Propone y evalua alternativas en cada fase del diseño para escoger la mejor','C');
insert into indicador_de_desempeno values ('C.1.4','Valida un diseño o modelo','C');
insert into indicador_de_desempeno values ('C.2.1','Usa estándares de codificación y documentación','C');
insert into indicador_de_desempeno values ('C.3.1','Valida sistemas (i.e. depuración y análisis de entrada-salida)','C');
insert into indicador_de_desempeno values ('C.3.2','Analiza rendimientos (i.e. estima la eficiencia temporal y espacial de una solución)','C');
insert into indicador_de_desempeno values ('D.1.1','Forma equipos de trabajo efectivos','D');
insert into indicador_de_desempeno values ('D.1.2','Muestra sentido de responsabilidad y compromiso a los objetivos y asignaciones del equipo','D');
insert into indicador_de_desempeno values ('D.1.3','Reconoce el rol en el equipo y es capaz de compartir responsabilidades con los otros miembros','D');
insert into indicador_de_desempeno values ('D.1.4','Respeta y valora los diferentes puntos de vista y acepta la retroalimentación y críticas de otros miembros del equipo','D');
insert into indicador_de_desempeno values ('D.1.5','Muestra creatividad, liderazgo, iniciativa y toma de decisiones','D');
insert into indicador_de_desempeno values ('D.1.6','Reconoce el rol incremental de la computación en escenarios multidisciplinarios','D');
insert into indicador_de_desempeno values ('E.1.1','Demuestra habilidad para tomar decisiones éticas bien informadas','E');
insert into indicador_de_desempeno values ('E.1.2','Demuestra conocimiento de un código de ética profesional y actua acorde a él','E');
insert into indicador_de_desempeno values ('E.2.1','Demuestra excelencia profesional cuando trabaja en una organización','E');
insert into indicador_de_desempeno values ('F.1.1','Define una estrategia de comunicación acorde a una audiencia objetivo','F');
insert into indicador_de_desempeno values ('F.1.2','Comunica y defiende ideas con precisión y claridad','F');
insert into indicador_de_desempeno values ('F.1.3','Procesa información de una variedad de fuentes','F');
insert into indicador_de_desempeno values ('F.2.1','Comunica efectivamente de manera escrita con coherencia, flujo, correcta ortografía, puntuación y gramática','F');
insert into indicador_de_desempeno values ('F.2.2','Identifica y utiliza diferentes estilos de escritura','F');
insert into indicador_de_desempeno values ('F.3.1','Comunica efectivamente con el lenguaje, estilo, tiempo, flujo y estrategia no verbales (gesturas, contacto visual, pose) apropiados','F');
insert into indicador_de_desempeno values ('F.3.2','Escucha atentamente para mejorar el conocimiento, desarrollar un mejor entendimiento y responder y hacer preguntas efectivamente','F');
insert into indicador_de_desempeno values ('F.4.1','Usa apropiadamente medios (digitales) para mejorar las presentaciones orales','F');
insert into indicador_de_desempeno values ('F.4.2','Usa recursos gráficos y diagramas para explicar una idea','F');
insert into indicador_de_desempeno values ('F.5.1','Realiza lecturas técnicas y escrituras en inglés','F');
insert into indicador_de_desempeno values ('F.5.2','Posee habilidades básicas de comunicación oral en inglés','F');
insert into indicador_de_desempeno values ('G.1.1','Analiza, identifica y entiende el impacto de la computación (y la ingeniería) en un contexto global','G');
insert into indicador_de_desempeno values ('G.1.2','Analiza, identifica y entiende los impactos económicos de soluciones computacionales (y de ingeniería)','G');
insert into indicador_de_desempeno values ('G.1.3','Analiza, identifica y entiende los impactos sociales de soluciones computacionales (y de ingeniería)','G');
insert into indicador_de_desempeno values ('G.1.4','Analiza, identifica y entiende el impacto ambiental de soluciones de ingeniería (y computación)','G');
insert into indicador_de_desempeno values ('G.1.5','Analiza, identifica y entiende los impactos éticos de soluciones computacionales (y de ingeniería)','G');
insert into indicador_de_desempeno values ('H.1.1','Reconoce la importancia del conocimiento tanto en profundidad como en anchura','H');
insert into indicador_de_desempeno values ('H.1.2','Reconoce la relevancia de un proceso de aprendizaje disciplinado','H');
insert into indicador_de_desempeno values ('H.1.3','Está atento a la naturaleza dinámica y evolutiva de la ciencia, la ingeniería, la tecnología y la industria, y reconoce la relevancia de continuar el aprendizaje después de la graduación','H');
insert into indicador_de_desempeno values ('H.1.4','Atiende un entrenamiento extracurricular','H');
insert into indicador_de_desempeno values ('H.1.5','Desea aprender un nuevo contenido a través de investigación y estudio individual','H');
insert into indicador_de_desempeno values ('H.2.1','Muestra habilidades para saber y entender nuevos desarrollos en las ciencias de la computación y áreas relacionadas','H');
insert into indicador_de_desempeno values ('H.2.2','Muestra responsabilidad en el automejoramiento para sobrepasar debilidades','H');
insert into indicador_de_desempeno values ('H.2.3','Es capaz de accesar, coleccionar, clasificar e interpretar y evaluar críticamente información de múltiples fuentes y enlazarla con conocimiento previo','H');
insert into indicador_de_desempeno values ('H.2.4','Observa cuidadosa y críticamente artefactos computacionales y modelos para alcanzar un entendimiento de las razones detrás de sus diseños','H');
insert into indicador_de_desempeno values ('I.1.1','Es conciente de la relación entre software y hardware cuando se implementan soluciones tecnológicas','I');
insert into indicador_de_desempeno values ('I.2.1','Usa herramientas de diseño de software, simulación y modelado','I');
insert into indicador_de_desempeno values ('I.2.2','Muestra flexibilidad para adaptarse a diferentes lenguajes y paradigmas de programación','I');
insert into indicador_de_desempeno values ('I.2.3','Usa apropiadamente herramientas de desarrollo de software','I');
insert into indicador_de_desempeno values ('I.2.4','Muestra proficiencia en el uso, configuración y ajustes de herramientas, aplicaciones y servicios de software y sistemas operativos','I');
insert into indicador_de_desempeno values ('I.3.1','Está al tanto del estado del arte de las prácticas usadas en ciencias de la computación','I');
insert into indicador_de_desempeno values ('I.3.2','Demuestra habilidad para engancharse en una experiencia de diseño computacional basado en industria','I');
insert into indicador_de_desempeno values ('J.1.1','Identifica problemas y asuntos donde la computación puede jugar un rol fundamental y reconoce la limitación de los sitemas basados en computadores','J');
insert into indicador_de_desempeno values ('J.1.2','Identifica restricciones y requerimientos que pueden ser usados para evaluar soluciones','J');
insert into indicador_de_desempeno values ('J.1.3','Usa conceptos de la matemática y la computación para definir transformaciones entre problemas','J');
insert into indicador_de_desempeno values ('J.1.4','Identifica principios de computación, ingeniería y científicos que pueden ser aplicados en la solución de un problema','J');
insert into indicador_de_desempeno values ('J.1.5','Piensa holísticamente','J');
insert into indicador_de_desempeno values ('J.2.1','Reconoce el rol de la matemática y la lógica como herramientas para modelar sistemas y procesos y para guiar un diseño','J');
insert into indicador_de_desempeno values ('J.2.2','Identifica y combina principios matemáticos, computacionales y de ingeniería que pueden ser aplicados cuando se modela una situación','J');
insert into indicador_de_desempeno values ('J.2.3','Reconoce la importancia de modelar cuando se resuelve un problema','J');
insert into indicador_de_desempeno values ('J.3.1','Toma decisiones bien informadas, basadas en principios matemáticos y computacionales, cuando diseña','J');
insert into indicador_de_desempeno values ('K.1.1','Asigna y estima tiempos y recursos acorde a la complejidad de la situación','K');
insert into indicador_de_desempeno values ('K.1.2','Asegura la calidad del software','K');
insert into indicador_de_desempeno values ('K.1.3','Sigue cronogramas y adapta recursos para conseguir objetivos','K');
insert into indicador_de_desempeno values ('K.2.1','Toma una buena y bien informada decisión sobre el lenguaje y herramientas que deben ser usados en la implementación','K');
insert into indicador_de_desempeno values ('K.2.2','Implementa e integra componentes de software que siguen fielmente criterios de diseño','K');
insert into indicador_de_desempeno values ('K.2.3','Establece invariantes y propiedades de software para probar la correctitud de una solución','K');
insert into indicador_de_desempeno values ('K.3.1','Evalua, verifica y valida con respecto a requerimientos y restricciones de sistemas','K');
insert into indicador_de_desempeno values ('K.3.2','Afina e integra hardware','K');
insert into indicador_de_desempeno values ('K.3.3','Identifica la evolución de un software','K');


/* Formula de Resultados de Programa */
insert into formula values ('A',1,5);
insert into formula values ('C',1,5);
insert into formula values ('F',1,2);
insert into formula values ('H',1,3);
insert into formula values ('I',1,3);

insert into formula values ('A',2,4);
insert into formula values ('C',2,4);
insert into formula values ('D',2,1);
insert into formula values ('F',2,1);
insert into formula values ('I',2,2);
insert into formula values ('J',2,2);
insert into formula values ('K',2,2);

insert into formula values ('D',3,1);
insert into formula values ('E',3,5);
insert into formula values ('F',3,5);
insert into formula values ('G',3,5);
insert into formula values ('H',3,2);

insert into formula values ('A',4,4);
insert into formula values ('F',4,1);
insert into formula values ('J',4,4);

insert into formula values ('A',5,5);
insert into formula values ('C',5,4);
insert into formula values ('F',5,4);
insert into formula values ('H',5,1);
insert into formula values ('I',5,3);
insert into formula values ('J',5,3);

insert into formula values ('A',6,1);
insert into formula values ('B',6,2);
insert into formula values ('E',6,1);
insert into formula values ('G',6,1);
insert into formula values ('I',6,1);
insert into formula values ('J',6,5);
insert into formula values ('K',6,5);

insert into formula values ('A',7,2);
insert into formula values ('C',7,5);
insert into formula values ('E',7,1);
insert into formula values ('F',7,1);
insert into formula values ('G',7,2);
insert into formula values ('I',7,5);

insert into formula values ('A',8,3);
insert into formula values ('J',8,3);
insert into formula values ('K',8,3);

insert into formula values ('A',9,3);
insert into formula values ('I',9,1);
insert into formula values ('J',9,3);

insert into formula values ('A',10,4);
insert into formula values ('B',10,5);
insert into formula values ('C',10,5);
insert into formula values ('D',10,1);
insert into formula values ('F',10,2);
insert into formula values ('I',10,2);
insert into formula values ('J',10,1);
insert into formula values ('K',10,2);

/* Definicion de la Calificacion General */
insert into porcentaje_instrumento (asignatura, evaluacion, porcentaje) values (1,'Parcial 1',20);
insert into porcentaje_instrumento (asignatura, evaluacion, porcentaje) values (1,'Parcial 2',20);
insert into porcentaje_instrumento (asignatura, evaluacion, porcentaje) values (1,'Parcial 3',20);
insert into porcentaje_instrumento (asignatura, evaluacion, porcentaje) values (1,'Tarea 1',2);
insert into porcentaje_instrumento (asignatura, evaluacion, porcentaje) values (1,'Tarea 2',2);
insert into porcentaje_instrumento (asignatura, evaluacion, porcentaje) values (1,'Tarea 3',2);
insert into porcentaje_instrumento (asignatura, evaluacion, porcentaje) values (1,'Tarea 4',2);
insert into porcentaje_instrumento (asignatura, evaluacion, porcentaje) values (1,'Tarea 5',2);
insert into porcentaje_instrumento (asignatura, evaluacion, porcentaje) values (1,'Exposicion',10);
insert into porcentaje_instrumento (asignatura, evaluacion, porcentaje) values (1,'Proyecto',20);

insert into porcentaje_instrumento (asignatura, evaluacion, porcentaje) values (2,'Parcial 1',15);
insert into porcentaje_instrumento (asignatura, evaluacion, porcentaje) values (2,'Parcial 2',15);
insert into porcentaje_instrumento (asignatura, evaluacion, porcentaje) values (2,'Parcial 3',15);
insert into porcentaje_instrumento (asignatura, evaluacion, porcentaje) values (2,'Parcial 4',10);
insert into porcentaje_instrumento (asignatura, evaluacion, porcentaje) values (2,'Proyecto 1',15);
insert into porcentaje_instrumento (asignatura, evaluacion, porcentaje) values (2,'Proyecto 2',20);
insert into porcentaje_instrumento (asignatura, evaluacion, porcentaje) values (2,'Laboratorio',10);

insert into porcentaje_instrumento (asignatura, evaluacion, porcentaje) values (3,'Exposición Códigos Ética',10);
insert into porcentaje_instrumento (asignatura, evaluacion, porcentaje) values (3,'Exposición Riesgos',10);
insert into porcentaje_instrumento (asignatura, evaluacion, porcentaje) values (3,'Socialización 1',5);
insert into porcentaje_instrumento (asignatura, evaluacion, porcentaje) values (3,'Socialización 2',10);
insert into porcentaje_instrumento (asignatura, evaluacion, porcentaje) values (3,'Informe Noticias',5);
insert into porcentaje_instrumento (asignatura, evaluacion, porcentaje) values (3,'Informe Lectura (tema ensayo 1)',10);
insert into porcentaje_instrumento (asignatura, evaluacion, porcentaje) values (3,'Ensayo 1',15);
insert into porcentaje_instrumento (asignatura, evaluacion, porcentaje) values (3,'Ensayo Trabajo Final',20);
insert into porcentaje_instrumento (asignatura, evaluacion, porcentaje) values (3,'Exposición Trabajo Final',15);

insert into porcentaje_instrumento (asignatura, evaluacion, porcentaje) values (4,'Parcial I',20);
insert into porcentaje_instrumento (asignatura, evaluacion, porcentaje) values (4,'Parcial II',20);
insert into porcentaje_instrumento (asignatura, evaluacion, porcentaje) values (4,'Parcial III',20);
insert into porcentaje_instrumento (asignatura, evaluacion, porcentaje) values (4,'Proyecto I',20);
insert into porcentaje_instrumento (asignatura, evaluacion, porcentaje) values (4,'Talleres',20);

insert into porcentaje_instrumento (asignatura, evaluacion, porcentaje) values (5,'Parcial',25);
insert into porcentaje_instrumento (asignatura, evaluacion, porcentaje) values (5,'Proyecto',30);
insert into porcentaje_instrumento (asignatura, evaluacion, porcentaje) values (5,'Reportes',10);
insert into porcentaje_instrumento (asignatura, evaluacion, porcentaje) values (5,'Presentación y discusiones',10);
insert into porcentaje_instrumento (asignatura, evaluacion, porcentaje) values (5,'Tarea',5);
insert into porcentaje_instrumento (asignatura, evaluacion, porcentaje) values (5,'Talleres',20);

insert into porcentaje_instrumento (asignatura, evaluacion, porcentaje) values (6,'Tareas y Talleres',15);
insert into porcentaje_instrumento (asignatura, evaluacion, porcentaje) values (6,'Primer Parcial',30);
insert into porcentaje_instrumento (asignatura, evaluacion, porcentaje) values (6,'Segundo Parcial',30);
insert into porcentaje_instrumento (asignatura, evaluacion, porcentaje) values (6,'Proyecto',25);

insert into porcentaje_instrumento (asignatura, evaluacion, porcentaje) values (7,'Parcial I',15);
insert into porcentaje_instrumento (asignatura, evaluacion, porcentaje) values (7,'Parcial II',15);
insert into porcentaje_instrumento (asignatura, evaluacion, porcentaje) values (7,'Parcial III',15);
insert into porcentaje_instrumento (asignatura, evaluacion, porcentaje) values (7,'Proyecto I',15);
insert into porcentaje_instrumento (asignatura, evaluacion, porcentaje) values (7,'Proyecto II',18);
insert into porcentaje_instrumento (asignatura, evaluacion, porcentaje) values (7,'Tarea I',5);
insert into porcentaje_instrumento (asignatura, evaluacion, porcentaje) values (7,'Tarea II',5);
insert into porcentaje_instrumento (asignatura, evaluacion, porcentaje) values (7,'Tarea III',3);
insert into porcentaje_instrumento (asignatura, evaluacion, porcentaje) values (7,'Tarea IV',3);
insert into porcentaje_instrumento (asignatura, evaluacion, porcentaje) values (7,'Laboratorios',6);

insert into porcentaje_instrumento (asignatura, evaluacion, porcentaje) values (8,'Exam I',25);
insert into porcentaje_instrumento (asignatura, evaluacion, porcentaje) values (8,'Exam II',25);
insert into porcentaje_instrumento (asignatura, evaluacion, porcentaje) values (8,'Exam III',25);
insert into porcentaje_instrumento (asignatura, evaluacion, porcentaje) values (8,'Assignments',25);

insert into porcentaje_instrumento (asignatura, evaluacion, porcentaje) values (9,'Primer parcial',25);
insert into porcentaje_instrumento (asignatura, evaluacion, porcentaje) values (9,'Segundo parcial',25);
insert into porcentaje_instrumento (asignatura, evaluacion, porcentaje) values (9,'Tercer parcial',25);
insert into porcentaje_instrumento (asignatura, evaluacion, porcentaje) values (9,'Exámenes cortos y tareas',25);

insert into porcentaje_instrumento (asignatura, evaluacion, porcentaje) values (10,'Tareas, Trabajos y Quices',10);
insert into porcentaje_instrumento (asignatura, evaluacion, porcentaje) values (10,'Exposición',5);
insert into porcentaje_instrumento (asignatura, evaluacion, porcentaje) values (10,'Miniproyecto - Metodología Ágil',10);
insert into porcentaje_instrumento (asignatura, evaluacion, porcentaje) values (10,'Primer Parcial',20);
insert into porcentaje_instrumento (asignatura, evaluacion, porcentaje) values (10,'Segundo Parcial',20);
insert into porcentaje_instrumento (asignatura, evaluacion, porcentaje) values (10,'Proyecto Semestral - Primera Entrega - Requerimientos',10);
insert into porcentaje_instrumento (asignatura, evaluacion, porcentaje) values (10,'Proyecto Semestral - Segunda Entrega - Diseño',10);
insert into porcentaje_instrumento (asignatura, evaluacion, porcentaje) values (10,'Proyecto Semestral - Tercera Entrega - Desarrollo y pruebas',15);

/* Definicion de la Calificacion ABET */
insert into porcentaje_abet values (1,1,'A',80,1,'');
insert into porcentaje_abet values (1,1,'C',0,1,'');
insert into porcentaje_abet values (1,1,'F',10,1,'');
insert into porcentaje_abet values (1,1,'H',10,1,'');
insert into porcentaje_abet values (1,1,'I',0,1,'');
insert into porcentaje_abet values (1,2,'A',30,1,'');
insert into porcentaje_abet values (1,2,'C',50,1,'');
insert into porcentaje_abet values (1,2,'F',10,1,'');
insert into porcentaje_abet values (1,2,'H',10,1,'');
insert into porcentaje_abet values (1,2,'I',0,1,'');
insert into porcentaje_abet values (1,3,'A',30,1,'');
insert into porcentaje_abet values (1,3,'C',50,1,'');
insert into porcentaje_abet values (1,3,'F',10,1,'');
insert into porcentaje_abet values (1,3,'H',10,1,'');
insert into porcentaje_abet values (1,3,'I',0,1,'');
insert into porcentaje_abet values (1,4,'A',50,1,'');
insert into porcentaje_abet values (1,4,'C',0,1,'');
insert into porcentaje_abet values (1,4,'F',5,1,'');
insert into porcentaje_abet values (1,4,'H',15,1,'');
insert into porcentaje_abet values (1,4,'I',30,1,'');
insert into porcentaje_abet values (1,5,'A',30,1,'');
insert into porcentaje_abet values (1,5,'C',0,1,'');
insert into porcentaje_abet values (1,5,'F',5,1,'');
insert into porcentaje_abet values (1,5,'H',15,1,'');
insert into porcentaje_abet values (1,5,'I',50,1,'');
insert into porcentaje_abet values (1,6,'A',15,1,'');
insert into porcentaje_abet values (1,6,'C',45,1,'');
insert into porcentaje_abet values (1,6,'F',5,1,'');
insert into porcentaje_abet values (1,6,'H',15,1,'');
insert into porcentaje_abet values (1,6,'I',20,1,'');
insert into porcentaje_abet values (1,7,'A',15,1,'');
insert into porcentaje_abet values (1,7,'C',45,1,'');
insert into porcentaje_abet values (1,7,'F',5,1,'');
insert into porcentaje_abet values (1,7,'H',15,1,'');
insert into porcentaje_abet values (1,7,'I',20,1,'');
insert into porcentaje_abet values (1,8,'A',15,1,'');
insert into porcentaje_abet values (1,8,'C',45,1,'');
insert into porcentaje_abet values (1,8,'F',5,1,'');
insert into porcentaje_abet values (1,8,'H',15,1,'');
insert into porcentaje_abet values (1,8,'I',20,1,'');
insert into porcentaje_abet values (1,9,'A',0,1,'');
insert into porcentaje_abet values (1,9,'C',0,1,'');
insert into porcentaje_abet values (1,9,'F',35,1,'');
insert into porcentaje_abet values (1,9,'H',65,1,'');
insert into porcentaje_abet values (1,9,'I',0,1,'');
insert into porcentaje_abet values (1,10,'A',15,1,'');
insert into porcentaje_abet values (1,10,'C',40,1,'');
insert into porcentaje_abet values (1,10,'F',20,1,'');
insert into porcentaje_abet values (1,10,'H',0,1,'');
insert into porcentaje_abet values (1,10,'I',25,1,'');

insert into porcentaje_abet values (2,11,'A',35,1,'');
insert into porcentaje_abet values (2,11,'C',40,1,'');
insert into porcentaje_abet values (2,11,'D',0,1,'');
insert into porcentaje_abet values (2,11,'F',0,1,'');
insert into porcentaje_abet values (2,11,'I',15,1,'');
insert into porcentaje_abet values (2,11,'J',10,1,'');
insert into porcentaje_abet values (2,11,'K',0,1,'');
insert into porcentaje_abet values (2,12,'A',25,1,'');
insert into porcentaje_abet values (2,12,'C',41,1,'');
insert into porcentaje_abet values (2,12,'D',0,1,'');
insert into porcentaje_abet values (2,12,'F',0,1,'');
insert into porcentaje_abet values (2,12,'I',14,1,'');
insert into porcentaje_abet values (2,12,'J',20,1,'');
insert into porcentaje_abet values (2,12,'K',0,1,'');
insert into porcentaje_abet values (2,13,'A',30,1,'');
insert into porcentaje_abet values (2,13,'C',27,1,'');
insert into porcentaje_abet values (2,13,'D',0,1,'');
insert into porcentaje_abet values (2,13,'F',0,1,'');
insert into porcentaje_abet values (2,13,'I',17,1,'');
insert into porcentaje_abet values (2,13,'J',26,1,'');
insert into porcentaje_abet values (2,13,'K',0,1,'');
insert into porcentaje_abet values (2,14,'A',70,1,'');
insert into porcentaje_abet values (2,14,'C',0,1,'');
insert into porcentaje_abet values (2,14,'D',0,1,'');
insert into porcentaje_abet values (2,14,'F',30,1,'');
insert into porcentaje_abet values (2,14,'I',0,1,'');
insert into porcentaje_abet values (2,14,'J',0,1,'');
insert into porcentaje_abet values (2,14,'K',0,1,'');
insert into porcentaje_abet values (2,15,'A',10,1,'');
insert into porcentaje_abet values (2,15,'C',20,1,'');
insert into porcentaje_abet values (2,15,'D',10,1,'');
insert into porcentaje_abet values (2,15,'F',3,1,'');
insert into porcentaje_abet values (2,15,'I',17,1,'');
insert into porcentaje_abet values (2,15,'J',10,1,'');
insert into porcentaje_abet values (2,15,'K',30,1,'');
insert into porcentaje_abet values (2,16,'A',10,1,'');
insert into porcentaje_abet values (2,16,'C',20,1,'');
insert into porcentaje_abet values (2,16,'D',15,1,'');
insert into porcentaje_abet values (2,16,'F',10,1,'');
insert into porcentaje_abet values (2,16,'I',10,1,'');
insert into porcentaje_abet values (2,16,'J',5,1,'');
insert into porcentaje_abet values (2,16,'K',30,1,'');
insert into porcentaje_abet values (2,17,'A',10,1,'');
insert into porcentaje_abet values (2,17,'C',18,1,'');
insert into porcentaje_abet values (2,17,'D',16,1,'');
insert into porcentaje_abet values (2,17,'F',10,1,'');
insert into porcentaje_abet values (2,17,'I',10,1,'');
insert into porcentaje_abet values (2,17,'J',16,1,'');
insert into porcentaje_abet values (2,17,'K',20,1,'');

insert into porcentaje_abet values (3,18,'D',15,1,'');
insert into porcentaje_abet values (3,18,'E',45,1,'');
insert into porcentaje_abet values (3,18,'F',20,1,'');
insert into porcentaje_abet values (3,18,'G',5,1,'');
insert into porcentaje_abet values (3,18,'H',15,1,'');
insert into porcentaje_abet values (3,19,'D',15,1,'');
insert into porcentaje_abet values (3,19,'E',20,1,'');
insert into porcentaje_abet values (3,19,'F',20,1,'');
insert into porcentaje_abet values (3,19,'G',25,1,'');
insert into porcentaje_abet values (3,19,'H',20,1,'');
insert into porcentaje_abet values (3,20,'D',0,1,'');
insert into porcentaje_abet values (3,20,'E',30,1,'');
insert into porcentaje_abet values (3,20,'F',20,1,'');
insert into porcentaje_abet values (3,20,'G',50,1,'');
insert into porcentaje_abet values (3,20,'H',0,1,'');
insert into porcentaje_abet values (3,21,'D',0,1,'');
insert into porcentaje_abet values (3,21,'E',60,1,'');
insert into porcentaje_abet values (3,21,'F',20,1,'');
insert into porcentaje_abet values (3,21,'G',0,1,'');
insert into porcentaje_abet values (3,21,'H',20,1,'');
insert into porcentaje_abet values (3,22,'D',0,1,'');
insert into porcentaje_abet values (3,22,'E',10,1,'');
insert into porcentaje_abet values (3,22,'F',10,1,'');
insert into porcentaje_abet values (3,22,'G',80,1,'');
insert into porcentaje_abet values (3,22,'H',0,1,'');
insert into porcentaje_abet values (3,23,'D',0,1,'');
insert into porcentaje_abet values (3,23,'E',0,1,'');
insert into porcentaje_abet values (3,23,'F',45,1,'');
insert into porcentaje_abet values (3,23,'G',30,1,'');
insert into porcentaje_abet values (3,23,'H',25,1,'');
insert into porcentaje_abet values (3,24,'D',0,1,'');
insert into porcentaje_abet values (3,24,'E',25,1,'');
insert into porcentaje_abet values (3,24,'F',30,1,'');
insert into porcentaje_abet values (3,24,'G',45,1,'');
insert into porcentaje_abet values (3,24,'H',0,1,'');
insert into porcentaje_abet values (3,25,'D',0,1,'');
insert into porcentaje_abet values (3,25,'E',25,1,'');
insert into porcentaje_abet values (3,25,'F',30,1,'');
insert into porcentaje_abet values (3,25,'G',45,1,'');
insert into porcentaje_abet values (3,25,'H',0,1,'');
insert into porcentaje_abet values (3,26,'D',15,1,'');
insert into porcentaje_abet values (3,26,'E',15,1,'');
insert into porcentaje_abet values (3,26,'F',20,1,'');
insert into porcentaje_abet values (3,26,'G',30,1,'');
insert into porcentaje_abet values (3,26,'H',20,1,'');

insert into porcentaje_abet values (4,27,'A',70,1,'');
insert into porcentaje_abet values (4,27,'F',20,1,'');
insert into porcentaje_abet values (4,27,'J',10,1,'');
insert into porcentaje_abet values (4,28,'A',50,1,'');
insert into porcentaje_abet values (4,28,'F',20,1,'');
insert into porcentaje_abet values (4,28,'J',30,1,'');
insert into porcentaje_abet values (4,29,'A',20,1,'');
insert into porcentaje_abet values (4,29,'F',10,1,'');
insert into porcentaje_abet values (4,29,'J',70,1,'');
insert into porcentaje_abet values (4,30,'A',50,1,'');
insert into porcentaje_abet values (4,30,'F',10,1,'');
insert into porcentaje_abet values (4,30,'J',40,1,'');
insert into porcentaje_abet values (4,31,'A',30,1,'');
insert into porcentaje_abet values (4,31,'F',0,1,'');
insert into porcentaje_abet values (4,31,'J',70,1,'');

insert into porcentaje_abet values (5,32,'A',25,1,'');
insert into porcentaje_abet values (5,32,'C',0,1,'');
insert into porcentaje_abet values (5,32,'F',0,1,'');
insert into porcentaje_abet values (5,32,'H',0,1,'');
insert into porcentaje_abet values (5,32,'I',0,1,'');
insert into porcentaje_abet values (5,32,'J',0,1,'');
insert into porcentaje_abet values (5,33,'A',0,1,'');
insert into porcentaje_abet values (5,33,'C',10,1,'');
insert into porcentaje_abet values (5,33,'F',0,1,'');
insert into porcentaje_abet values (5,33,'H',0,1,'');
insert into porcentaje_abet values (5,33,'I',5,1,'');
insert into porcentaje_abet values (5,33,'J',15,1,'');
insert into porcentaje_abet values (5,34,'A',0,1,'');
insert into porcentaje_abet values (5,34,'C',0,1,'');
insert into porcentaje_abet values (5,34,'F',10,1,'');
insert into porcentaje_abet values (5,34,'H',0,1,'');
insert into porcentaje_abet values (5,34,'I',0,1,'');
insert into porcentaje_abet values (5,34,'J',0,1,'');
insert into porcentaje_abet values (5,35,'A',0,1,'');
insert into porcentaje_abet values (5,35,'C',0,1,'');
insert into porcentaje_abet values (5,35,'F',10,1,'');
insert into porcentaje_abet values (5,35,'H',0,1,'');
insert into porcentaje_abet values (5,35,'I',0,1,'');
insert into porcentaje_abet values (5,35,'J',0,1,'');
insert into porcentaje_abet values (5,36,'A',0,1,'');
insert into porcentaje_abet values (5,36,'C',0,1,'');
insert into porcentaje_abet values (5,36,'F',0,1,'');
insert into porcentaje_abet values (5,36,'H',5,1,'');
insert into porcentaje_abet values (5,36,'I',0,1,'');
insert into porcentaje_abet values (5,36,'J',0,1,'');
insert into porcentaje_abet values (5,37,'A',0,1,'');
insert into porcentaje_abet values (5,37,'C',10,1,'');
insert into porcentaje_abet values (5,37,'F',0,1,'');
insert into porcentaje_abet values (5,37,'H',0,1,'');
insert into porcentaje_abet values (5,37,'I',10,1,'');
insert into porcentaje_abet values (5,37,'J',0,1,'');

insert into porcentaje_abet values (6,38,'A',6,1,'');
insert into porcentaje_abet values (6,38,'B',13,1,'');
insert into porcentaje_abet values (6,38,'E',6,1,'');
insert into porcentaje_abet values (6,38,'G',6,1,'');
insert into porcentaje_abet values (6,38,'I',13,1,'');
insert into porcentaje_abet values (6,38,'J',25,1,'');
insert into porcentaje_abet values (6,38,'K',31,1,'');
insert into porcentaje_abet values (6,39,'A',6,1,'');
insert into porcentaje_abet values (6,39,'B',13,1,'');
insert into porcentaje_abet values (6,39,'E',6,1,'');
insert into porcentaje_abet values (6,39,'G',6,1,'');
insert into porcentaje_abet values (6,39,'I',0,1,'');
insert into porcentaje_abet values (6,39,'J',38,1,'');
insert into porcentaje_abet values (6,39,'K',31,1,'');
insert into porcentaje_abet values (6,40,'A',6,1,'');
insert into porcentaje_abet values (6,40,'B',13,1,'');
insert into porcentaje_abet values (6,40,'E',6,1,'');
insert into porcentaje_abet values (6,40,'G',6,1,'');
insert into porcentaje_abet values (6,40,'I',0,1,'');
insert into porcentaje_abet values (6,40,'J',38,1,'');
insert into porcentaje_abet values (6,40,'K',31,1,'');
insert into porcentaje_abet values (6,41,'A',6,1,'');
insert into porcentaje_abet values (6,41,'B',13,1,'');
insert into porcentaje_abet values (6,41,'E',6,1,'');
insert into porcentaje_abet values (6,41,'G',6,1,'');
insert into porcentaje_abet values (6,41,'I',13,1,'');
insert into porcentaje_abet values (6,41,'J',25,1,'');
insert into porcentaje_abet values (6,41,'K',31,1,'');

insert into porcentaje_abet values (7,42,'A',15,1,'');
insert into porcentaje_abet values (7,42,'C',60,1,'');
insert into porcentaje_abet values (7,42,'E',0,1,'');
insert into porcentaje_abet values (7,42,'F',10,1,'');
insert into porcentaje_abet values (7,42,'G',15,1,'');
insert into porcentaje_abet values (7,42,'I',0,1,'');
insert into porcentaje_abet values (7,43,'A',35,1,'');
insert into porcentaje_abet values (7,43,'C',15,1,'');
insert into porcentaje_abet values (7,43,'E',0,1,'');
insert into porcentaje_abet values (7,43,'F',0,1,'');
insert into porcentaje_abet values (7,43,'G',0,1,'');
insert into porcentaje_abet values (7,43,'I',50,1,'');
insert into porcentaje_abet values (7,44,'A',10,1,'');
insert into porcentaje_abet values (7,44,'C',40,1,'');
insert into porcentaje_abet values (7,44,'E',0,1,'');
insert into porcentaje_abet values (7,44,'F',0,1,'');
insert into porcentaje_abet values (7,44,'G',0,1,'');
insert into porcentaje_abet values (7,44,'I',50,1,'');
insert into porcentaje_abet values (7,45,'A',0,1,'');
insert into porcentaje_abet values (7,45,'C',40,1,'');
insert into porcentaje_abet values (7,45,'E',10,1,'');
insert into porcentaje_abet values (7,45,'F',5,1,'');
insert into porcentaje_abet values (7,45,'G',15,1,'');
insert into porcentaje_abet values (7,45,'I',30,1,'');
insert into porcentaje_abet values (7,46,'A',0,1,'');
insert into porcentaje_abet values (7,46,'C',40,1,'');
insert into porcentaje_abet values (7,46,'E',10,1,'');
insert into porcentaje_abet values (7,46,'F',0,1,'');
insert into porcentaje_abet values (7,46,'G',10,1,'');
insert into porcentaje_abet values (7,46,'I',40,1,'');
insert into porcentaje_abet values (7,47,'A',0,1,'');
insert into porcentaje_abet values (7,47,'C',0,1,'');
insert into porcentaje_abet values (7,47,'E',20,1,'');
insert into porcentaje_abet values (7,47,'F',35,1,'');
insert into porcentaje_abet values (7,47,'G',45,1,'');
insert into porcentaje_abet values (7,47,'I',0,1,'');
insert into porcentaje_abet values (7,48,'A',0,1,'');
insert into porcentaje_abet values (7,48,'C',0,1,'');
insert into porcentaje_abet values (7,48,'E',20,1,'');
insert into porcentaje_abet values (7,48,'F',35,1,'');
insert into porcentaje_abet values (7,48,'G',45,1,'');
insert into porcentaje_abet values (7,48,'I',0,1,'');
insert into porcentaje_abet values (7,49,'A',90,1,'');
insert into porcentaje_abet values (7,49,'C',0,1,'');
insert into porcentaje_abet values (7,49,'E',0,1,'');
insert into porcentaje_abet values (7,49,'F',10,1,'');
insert into porcentaje_abet values (7,49,'G',0,1,'');
insert into porcentaje_abet values (7,49,'I',0,1,'');
insert into porcentaje_abet values (7,50,'A',30,1,'');
insert into porcentaje_abet values (7,50,'C',60,1,'');
insert into porcentaje_abet values (7,50,'E',0,1,'');
insert into porcentaje_abet values (7,50,'F',10,1,'');
insert into porcentaje_abet values (7,50,'G',0,1,'');
insert into porcentaje_abet values (7,50,'I',0,1,'');
insert into porcentaje_abet values (7,51,'A',0,1,'');
insert into porcentaje_abet values (7,51,'C',0,1,'');
insert into porcentaje_abet values (7,51,'E',0,1,'');
insert into porcentaje_abet values (7,51,'F',0,1,'');
insert into porcentaje_abet values (7,51,'G',0,1,'');
insert into porcentaje_abet values (7,51,'I',100,1,'');

insert into porcentaje_abet values (8,52,'A',100,1,'');
insert into porcentaje_abet values (8,52,'J',0,1,'');
insert into porcentaje_abet values (8,52,'K',0,1,'');
insert into porcentaje_abet values (8,53,'A',100,1,'');
insert into porcentaje_abet values (8,53,'J',0,1,'');
insert into porcentaje_abet values (8,53,'K',0,1,'');
insert into porcentaje_abet values (8,54,'A',70,1,'');
insert into porcentaje_abet values (8,54,'J',15,1,'');
insert into porcentaje_abet values (8,54,'K',15,1,'');
insert into porcentaje_abet values (8,55,'A',0,1,'');
insert into porcentaje_abet values (8,55,'J',50,1,'');
insert into porcentaje_abet values (8,55,'K',50,1,'');

insert into porcentaje_abet values (9,56,'A',60,1,'');
insert into porcentaje_abet values (9,56,'I',0,1,'');
insert into porcentaje_abet values (9,56,'J',40,1,'');
insert into porcentaje_abet values (9,57,'A',60,1,'');
insert into porcentaje_abet values (9,57,'I',0,1,'');
insert into porcentaje_abet values (9,57,'J',40,1,'');
insert into porcentaje_abet values (9,58,'A',60,1,'');
insert into porcentaje_abet values (9,58,'I',0,1,'');
insert into porcentaje_abet values (9,58,'J',40,1,'');
insert into porcentaje_abet values (9,59,'A',30,1,'');
insert into porcentaje_abet values (9,59,'I',40,1,'');
insert into porcentaje_abet values (9,59,'J',30,1,'');

insert into porcentaje_abet values (10,60,'A',36,1,'');
insert into porcentaje_abet values (10,60,'B',28,1,'');
insert into porcentaje_abet values (10,60,'C',20,1,'');
insert into porcentaje_abet values (10,60,'D',0,1,'');
insert into porcentaje_abet values (10,60,'F',10,1,'');
insert into porcentaje_abet values (10,60,'I',0,1,'');
insert into porcentaje_abet values (10,60,'J',6,1,'');
insert into porcentaje_abet values (10,60,'K',0,1,'');
insert into porcentaje_abet values (10,61,'A',75,1,'');
insert into porcentaje_abet values (10,61,'B',0,1,'');
insert into porcentaje_abet values (10,61,'C',0,1,'');
insert into porcentaje_abet values (10,61,'D',0,1,'');
insert into porcentaje_abet values (10,61,'F',25,1,'');
insert into porcentaje_abet values (10,61,'I',0,1,'');
insert into porcentaje_abet values (10,61,'J',0,1,'');
insert into porcentaje_abet values (10,61,'K',0,1,'');
insert into porcentaje_abet values (10,62,'A',0,1,'');
insert into porcentaje_abet values (10,62,'B',30,1,'');
insert into porcentaje_abet values (10,62,'C',20,1,'');
insert into porcentaje_abet values (10,62,'D',15,1,'');
insert into porcentaje_abet values (10,62,'F',10,1,'');
insert into porcentaje_abet values (10,62,'I',15,1,'');
insert into porcentaje_abet values (10,62,'J',0,1,'');
insert into porcentaje_abet values (10,62,'K',10,1,'');
insert into porcentaje_abet values (10,63,'A',35,1,'');
insert into porcentaje_abet values (10,63,'B',55,1,'');
insert into porcentaje_abet values (10,63,'C',0,1,'');
insert into porcentaje_abet values (10,63,'D',0,1,'');
insert into porcentaje_abet values (10,63,'F',10,1,'');
insert into porcentaje_abet values (10,63,'I',0,1,'');
insert into porcentaje_abet values (10,63,'J',0,1,'');
insert into porcentaje_abet values (10,63,'K',0,1,'');
insert into porcentaje_abet values (10,64,'A',20,1,'');
insert into porcentaje_abet values (10,64,'B',0,1,'');
insert into porcentaje_abet values (10,64,'C',70,1,'');
insert into porcentaje_abet values (10,64,'D',0,1,'');
insert into porcentaje_abet values (10,64,'F',10,1,'');
insert into porcentaje_abet values (10,64,'I',0,1,'');
insert into porcentaje_abet values (10,64,'J',0,1,'');
insert into porcentaje_abet values (10,64,'K',0,1,'');
insert into porcentaje_abet values (10,65,'A',0,1,'');
insert into porcentaje_abet values (10,65,'B',60,1,'');
insert into porcentaje_abet values (10,65,'C',0,1,'');
insert into porcentaje_abet values (10,65,'D',10,1,'');
insert into porcentaje_abet values (10,65,'F',10,1,'');
insert into porcentaje_abet values (10,65,'I',20,1,'');
insert into porcentaje_abet values (10,65,'J',0,1,'');
insert into porcentaje_abet values (10,65,'K',0,1,'');
insert into porcentaje_abet values (10,66,'A',0,1,'');
insert into porcentaje_abet values (10,66,'B',0,1,'');
insert into porcentaje_abet values (10,66,'C',44,1,'');
insert into porcentaje_abet values (10,66,'D',8,1,'');
insert into porcentaje_abet values (10,66,'F',0,1,'');
insert into porcentaje_abet values (10,66,'I',15,1,'');
insert into porcentaje_abet values (10,66,'J',33,1,'');
insert into porcentaje_abet values (10,66,'K',0,1,'');
insert into porcentaje_abet values (10,67,'A',0,1,'');
insert into porcentaje_abet values (10,67,'B',0,1,'');
insert into porcentaje_abet values (10,67,'C',0,1,'');
insert into porcentaje_abet values (10,67,'D',8,1,'');
insert into porcentaje_abet values (10,67,'F',7,1,'');
insert into porcentaje_abet values (10,67,'I',30,1,'');
insert into porcentaje_abet values (10,67,'J',0,1,'');
insert into porcentaje_abet values (10,67,'K',55,1,'');

/* Prueba: Definicion de los porcentajes de los instrumentos */
insert into porcentaje_abet values (1,1,'A.1.1',25,3,'A');
insert into porcentaje_abet values (1,1,'A.1.3',25,3,'A');
insert into porcentaje_abet values (1,1,'A.2.2',50,3,'A');
insert into porcentaje_abet values (1,1,'F.2.1',30,3,'F');
insert into porcentaje_abet values (1,1,'F.5.2',70,3,'F');
insert into porcentaje_abet values (1,1,'H.1.5',45,3,'H');
insert into porcentaje_abet values (1,1,'H.2.4',55,3,'H'); 
