
BEGIN TRANSACTION;

/* Carreras */
insert into acreditacion_abet values (40,'Ingeniería de Sistemas y Computación','2014-1',5);
insert into acreditacion_abet values (10,'Ingeniería Industrial','2014-1',3);

/* Profesores */
insert into profesor values (1,'Gerardo M. Sarria M.','TC');
insert into profesor values (2,'Juan Carlos Martinez','TC');
insert into profesor values (3,'Michell Andrés Gómez Leiva','TC');
insert into profesor values (4,'Camilo Rueda','TC');
insert into profesor values (5,'Maria Constanza Pabon','TC');
insert into profesor values (6,'Diego Fdo. Polo','HC');
insert into profesor values (7,'Gloria I. Alvarez','TC');
insert into profesor values (8,'Maribel Sacanamboy','TC');
insert into profesor values (9,'Andrés Navarro','TC');
insert into profesor values (10,'Jose Eduardo Tofiño','TC');
insert into profesor values (11,'Jorge Francisco Estela','TC');

/* Asignaturas */
insert into asignatura (codigo,grupo,nombre,id_carrera,id_profesor,periodo) values ('300CIP002','A','Fundamentos y Estructuras de Programación',40,1,'2014-1');
insert into asignatura (codigo,grupo,nombre,id_carrera,id_profesor,periodo) values ('300CIG006','A','Arquitectura del Computador II',40,8,'2014-1');
insert into asignatura (codigo,grupo,nombre,id_carrera,id_profesor,periodo) values ('300CIG010','A','Aspectos Sociales y Profesionales',40,6,'2014-1');
insert into asignatura (codigo,grupo,nombre,id_carrera,id_profesor,periodo) values ('300CIG007','A','Computabilidad y Lenguajes Formales',40,7,'2014-1');
insert into asignatura (codigo,grupo,nombre,id_carrera,id_profesor,periodo) values ('300CIG008','A','Computación Gráfica',40,9,'2014-1');
insert into asignatura (codigo,grupo,nombre,id_carrera,id_profesor,periodo) values ('300CIS002','A','Desarrollo Formal de Programas',40,4,'2014-1');
insert into asignatura (codigo,grupo,nombre,id_carrera,id_profesor,periodo) values ('300CID001','A','Gestión y Modelado de Datos',40,5,'2014-1');
insert into asignatura (codigo,grupo,nombre,id_carrera,id_profesor,periodo) values ('300CIG002','A','Lógica en Ciencias de la Computación',40,10,'2014-1');
insert into asignatura (codigo,grupo,nombre,id_carrera,id_profesor,periodo) values ('300MAG031','A','Matemáticas Discretas para la Computación',40,3,'2014-1');
insert into asignatura (codigo,grupo,nombre,id_carrera,id_profesor,periodo) values ('300CIS005','A','Procesos de Ingeniería de Software',40,2,'2014-1');
insert into asignatura (codigo,grupo,nombre,id_carrera,id_profesor,periodo) values ('300IGQ001','A','Termodinámica',10,11,'2014-1');

/* Resultados de Programa */
insert into resultado_de_programa values (40,'A','Habilidad para aplicar conocimientos de matemáticas, ciencias e ingeniería','');
insert into resultado_de_programa values (40,'B','Habilidad para analizar un problema e identificar los requerimientos necesarios para su definición y solución','');
insert into resultado_de_programa values (40,'C','Habilidad para diseñar, implementar y evaluar procesos y sistemas computacionales','');
insert into resultado_de_programa values (40,'D','Habilidad para funcionar en equipos de trabajo','');
insert into resultado_de_programa values (40,'E','Entendimiento de la responsabilidad profesional y ética','');
insert into resultado_de_programa values (40,'F','Habilidad para comunicarse efectivamente','');
insert into resultado_de_programa values (40,'G','Habilidad para analizar los impactos de la computación y la ingeniería en las personas, organizaciones y la sociedad','');
insert into resultado_de_programa values (40,'H','Reconocimiento de la necesidad de, y la habilidad para, continuar con el desarrollo profesional','');
insert into resultado_de_programa values (40,'I','Habilidad para usar las técnicas, destrezas y herramientas modernas para la práctica de la computación','');
insert into resultado_de_programa values (40,'J','Habilidad para aplicar los fundamentos y principios de las matemáticas y de la computación en el modelamiento y diseño de sistemas computacionales','');
insert into resultado_de_programa values (40,'K','Habilidad para aplicar los principios de diseño y desarrollo de software en la construcción de sistemas de diferente complejidad','');
insert into resultado_de_programa values (10,'A','Habilidad para aplicar conocimientos de matemáticas, ciencias e ingeniería','');
insert into resultado_de_programa values (10,'B','Habilidad para analizar un problema e identificar los requerimientos necesarios para su definición y solución','');
insert into resultado_de_programa values (10,'C','Habilidad para diseñar, implementar y evaluar procesos y sistemas computacionales','');
insert into resultado_de_programa values (10,'D','Habilidad para funcionar en equipos de trabajo','');
insert into resultado_de_programa values (10,'E','Entendimiento de la responsabilidad profesional y ética','');
insert into resultado_de_programa values (10,'F','Habilidad para comunicarse efectivamente','');
insert into resultado_de_programa values (10,'G','Habilidad para analizar los impactos de la computación y la ingeniería en las personas, organizaciones y la sociedad','');
insert into resultado_de_programa values (10,'H','Reconocimiento de la necesidad de, y la habilidad para, continuar con el desarrollo profesional','');
insert into resultado_de_programa values (10,'I','Habilidad para usar las técnicas, destrezas y herramientas modernas para la práctica de la computación','');
insert into resultado_de_programa values (10,'J','Habilidad para aplicar los fundamentos y principios de las matemáticas y de la computación en el modelamiento y diseño de sistemas computacionales','');
insert into resultado_de_programa values (10,'K','Habilidad para aplicar los principios de diseño y desarrollo de software en la construcción de sistemas de diferente complejidad','');

/* Definicion de los indicadores de desempeño */
/*
insert into indicador_de_desempeno values (40,'A.1','Identifica los fundamentos científicos y los principios de ingeniería que rigen un proceso o sistema. (Conocimiento)','A');
insert into indicador_de_desempeno values (40,'A.2','Resuelve problemas relacionados con la disciplina y otras áreas por medio de la utilización de conocimientos, modelos y formalismos de las ciencias de la computación, las matemáticas y la ingeniería. (Aplicación)','A');
insert into indicador_de_desempeno values (40,'A.3','Analiza conjuntos de datos. (Análisis)','A');
insert into indicador_de_desempeno values (40,'A.4','Interpreta modelos matemáticos para estimar su precisión y confiabilidad. (Comprensión)','A');
insert into indicador_de_desempeno values (40,'B.1','Describe procesos de manera declarativa ignorando los detalles de su implementación. (Comprensión).','B');
insert into indicador_de_desempeno values (40,'B.2','Utiliza el lenguaje propio de las matemáticas, la lógica y la ingeniería para especificar requerimientos funcionales y no funcionales de un sistema o proceso. (Aplicación)','B');
insert into indicador_de_desempeno values (40,'B.3','Sintetiza la información, evidencias y hechos necesarios para analizar un problema. (Análisis - Síntesis)','B');
insert into indicador_de_desempeno values (40,'B.4','Formula hipótesis. (Síntesis)','B');
insert into indicador_de_desempeno values (40,'C.1','Utiliza estándares de codificación en la implementación de componentes de software. (Aplicación)','C');
insert into indicador_de_desempeno values (40,'C.2','Identifica componentes, interacciones, relaciones e interfaces entre componentes. (Análisis)','C');
insert into indicador_de_desempeno values (40,'C.3','Diseña procesos y componentes de software haciendo uso de la notación, técnicas y herramientas adecuadas. (Síntesis)','C');
insert into indicador_de_desempeno values (40,'C.4','Evalua un componente de software de acuerdo a su complejidad temporal y espacial. (Evaluación)','C');
insert into indicador_de_desempeno values (40,'D.1','Reconoce el rol cada vez más predominante de la computación en entornos multidisciplinarios. (Conocimiento)','D');
insert into indicador_de_desempeno values (40,'D.2','Participa en tareas y en la toma de decisiones. (Respuesta - Afectivo)','D');
insert into indicador_de_desempeno values (40,'D.3','Integra diferentes puntos de vista, información, críticas y retroalimentación para proponer una solución. (Síntesis)','D');
insert into indicador_de_desempeno values (40,'D.4','Define tareas, roles y responsabilidades. (Aplicación)','C');
insert into indicador_de_desempeno values (40,'E.1','Identifica los códigos de ética relacionados con la disciplina. (Conocimiento)','E');
insert into indicador_de_desempeno values (40,'E.2','Muestra responsabilidad y un adecuado comportamiento profesional. (Valuación)','E');
insert into indicador_de_desempeno values (40,'E.3','Identifica pros y contras en decisiones éticas relacionadas con la práctica profesional. (Análisis)','E');
insert into indicador_de_desempeno values (40,'E.4','Discute y justifica decisiones éticas. (Evaluación)','E');
insert into indicador_de_desempeno values (40,'F.1','Produce textos de manera efectiva teniendo en cuenta la estructura, coherencia, flujo, ortografía y correcto uso del lenguaje. (Aplicación)','F');
insert into indicador_de_desempeno values (40,'F.2','Comunica de manera efectiva de acuerdo al público objetivo haciendo uso correcto del lenguaje, estilo, tiempo y expresión corporal. (Aplicación)','F');
insert into indicador_de_desempeno values (40,'F.3','Utiliza recursos gráficos para comunicar y expresar una idea. (Aplicación)','F');
insert into indicador_de_desempeno values (40,'F.4','Defiende ideas con precisión y claridad. (Evaluación)','F');
insert into indicador_de_desempeno values (40,'G.1','Identifica los eventos históricos y contemporáneos que la computación y la ingeniería han afectado. (Comprensión)','G');
insert into indicador_de_desempeno values (40,'G.2','Utiliza los conocimientos para identificar los impactos de las soluciones en ingeniería y computación. (Aplicación)','G');
insert into indicador_de_desempeno values (40,'G.3','Analiza los impactos locales y globales de la computación y la ingeniería. (Análisis)','G');
insert into indicador_de_desempeno values (40,'G.4','Juzga los impactos de la computación y la ingeniería en el mundo. (Evaluación)','G');
insert into indicador_de_desempeno values (40,'H.1','Reconoce la importancia del conocimiento tanto en amplitud como en profundidad. (Compresión)','H');
insert into indicador_de_desempeno values (40,'H.2','Aplica nuevo conocimiento para resolver un problema o desarrollar una solución. (Aplicación)','H');
insert into indicador_de_desempeno values (40,'H.3','Interpreta y evaluar información de diferentes fuentes y establecer conexiones con conocimientos previos. (Síntesis - Evaluación)','H');
insert into indicador_de_desempeno values (40,'H.4','Muestra disposición par aprender nuevas cosas por medio de estudio personal. (Valuación)','H');
insert into indicador_de_desempeno values (40,'I.1','Utiliza herramientas de desarrollo de software. (Aplicación)','I');
insert into indicador_de_desempeno values (40,'I.2','Utiliza herramientas de diseño, modelamiento y simulación. (Aplicación)','I');
insert into indicador_de_desempeno values (40,'I.3','Combina herramientas de software y hardware para resolver un problema. (Síntesis)','I');
insert into indicador_de_desempeno values (40,'I.4','Demuestra flexibilidad para adaptarse a diferentes paradigmas y lenguajes de programación. (Valuación)','I');
insert into indicador_de_desempeno values (40,'J.1','Reconoce la importancia del modelamiento cuando se resuelve un problema. (Compresión)','J');
insert into indicador_de_desempeno values (40,'J.2','Relaciona conceptos y principios teóricos para la resolución efectiva de un problema. (Síntesis)','J');
insert into indicador_de_desempeno values (40,'J.3','Combina principios de matemáticas, computación e ingeniería para modelar una situación. (Síntesis)','J');
insert into indicador_de_desempeno values (40,'J.4','Evalua decisiones de diseño basándose en principios matemáticos y de computación. (Evaluación)','J');
insert into indicador_de_desempeno values (40,'K.1','Hace seguimiento a cronogramas y adaptar los recursos necesarios para cumplir con sus hitos. (Aplicación)','K');
insert into indicador_de_desempeno values (40,'K.2','Implementa e integra componentes de software respetando los criterios de diseño. (Aplicación)','K');
insert into indicador_de_desempeno values (40,'K.3','Establece invariantes y propiedades de componentes de software. (Análisis)','K');
insert into indicador_de_desempeno values (40,'K.4','Evalua y verifica soluciones de software con respecto a las restricciones y requerimientos establecidos. (Aplicación - Evaluación)','K');
*/
insert into indicador_de_desempeno values (40,'A.1.1','Identifica los principios fundamentales científicos y de ingeniería que gobiernan un proceso o sistema dado','A');
insert into indicador_de_desempeno values (40,'A.1.2','Aplica conceptos matemáticos y físicos para resolver problemas','A');
insert into indicador_de_desempeno values (40,'A.1.3','Analiza conjuntos de datos usando métodos estadísticos','A');
insert into indicador_de_desempeno values (40,'A.1.4','Interpreta modelos matemáticos para estimar precisión y fiabilidad','A');
insert into indicador_de_desempeno values (40,'A.2.1','Resuelve problemas relacionados con la disciplina y otras áreas usando conocimiento, modelos y formalismos de las ciencias de la computación','A');
insert into indicador_de_desempeno values (40,'A.2.2','Usa técnicas y conocimiento de la ingeniería para gestionar un proyecto','A');
insert into indicador_de_desempeno values (40,'B.1.1','Identifica y formula un problema','B');
insert into indicador_de_desempeno values (40,'B.1.2','Describe procesos declarativamente, abstraídos del comportamiento de la implementación','B');
insert into indicador_de_desempeno values (40,'B.1.3','Analiza riesgos y relación costo-beneficio de la ingeniería','B');
insert into indicador_de_desempeno values (40,'B.1.4','Analiza escenarios con incertidumbre','B');
insert into indicador_de_desempeno values (40,'B.1.5','Formula hipótesis','B');
insert into indicador_de_desempeno values (40,'B.1.6','Identifica oportunidades que derivan de tecnología (computacional)','B');
insert into indicador_de_desempeno values (40,'B.2.1','Identifica requerimientos estáticos y dinámicos (e.g. variables, entidades, relaciones, acciones, casos de uso)','B');
insert into indicador_de_desempeno values (40,'B.2.2','Identifica requerimientos técnicos (e.g. seguridad, rendimiento, arquitectura, usabilidad, escalabilidad)','B');
insert into indicador_de_desempeno values (40,'B.2.3','Identifica requerimientos no-técnicos (e.g. costo de la solución, aspectos ambientales, sociales, económicos)','B');
insert into indicador_de_desempeno values (40,'B.3.1','Identifica conflictos y restricciones y requerimientos contradictorios al igual que chequea consistencia y completitud del análisis de requerimientos','B');
insert into indicador_de_desempeno values (40,'B.3.2','Usa notación y metodologías estándares para realizar el análisis de requerimientos','B');
insert into indicador_de_desempeno values (40,'C.1.1','Diseña procesos y artefactos de software siguiendo una apropiada metodología de diseño, herramietnas y notación','C');
insert into indicador_de_desempeno values (40,'C.1.2','Desarrolla un nivel de abstracción apropiado en el diseño','C');
insert into indicador_de_desempeno values (40,'C.1.3','Propone y evalua alternativas en cada fase del diseño para escoger la mejor','C');
insert into indicador_de_desempeno values (40,'C.1.4','Valida un diseño o modelo','C');
insert into indicador_de_desempeno values (40,'C.2.1','Usa estándares de codificación y documentación','C');
insert into indicador_de_desempeno values (40,'C.3.1','Valida sistemas (i.e. depuración y análisis de entrada-salida)','C');
insert into indicador_de_desempeno values (40,'C.3.2','Analiza rendimientos (i.e. estima la eficiencia temporal y espacial de una solución)','C');
insert into indicador_de_desempeno values (40,'D.1.1','Forma equipos de trabajo efectivos','D');
insert into indicador_de_desempeno values (40,'D.1.2','Muestra sentido de responsabilidad y compromiso a los objetivos y asignaciones del equipo','D');
insert into indicador_de_desempeno values (40,'D.1.3','Reconoce el rol en el equipo y es capaz de compartir responsabilidades con los otros miembros','D');
insert into indicador_de_desempeno values (40,'D.1.4','Respeta y valora los diferentes puntos de vista y acepta la retroalimentación y críticas de otros miembros del equipo','D');
insert into indicador_de_desempeno values (40,'D.1.5','Muestra creatividad, liderazgo, iniciativa y toma de decisiones','D');
insert into indicador_de_desempeno values (40,'D.1.6','Reconoce el rol incremental de la computación en escenarios multidisciplinarios','D');
insert into indicador_de_desempeno values (40,'E.1.1','Demuestra habilidad para tomar decisiones éticas bien informadas','E');
insert into indicador_de_desempeno values (40,'E.1.2','Demuestra conocimiento de un código de ética profesional y actua acorde a él','E');
insert into indicador_de_desempeno values (40,'E.2.1','Demuestra excelencia profesional cuando trabaja en una organización','E');
insert into indicador_de_desempeno values (40,'F.1.1','Define una estrategia de comunicación acorde a una audiencia objetivo','F');
insert into indicador_de_desempeno values (40,'F.1.2','Comunica y defiende ideas con precisión y claridad','F');
insert into indicador_de_desempeno values (40,'F.1.3','Procesa información de una variedad de fuentes','F');
insert into indicador_de_desempeno values (40,'F.2.1','Comunica efectivamente de manera escrita con coherencia, flujo, correcta ortografía, puntuación y gramática','F');
insert into indicador_de_desempeno values (40,'F.2.2','Identifica y utiliza diferentes estilos de escritura','F');
insert into indicador_de_desempeno values (40,'F.3.1','Comunica efectivamente con el lenguaje, estilo, tiempo, flujo y estrategia no verbales (gesturas, contacto visual, pose) apropiados','F');
insert into indicador_de_desempeno values (40,'F.3.2','Escucha atentamente para mejorar el conocimiento, desarrollar un mejor entendimiento y responder y hacer preguntas efectivamente','F');
insert into indicador_de_desempeno values (40,'F.4.1','Usa apropiadamente medios (digitales) para mejorar las presentaciones orales','F');
insert into indicador_de_desempeno values (40,'F.4.2','Usa recursos gráficos y diagramas para explicar una idea','F');
insert into indicador_de_desempeno values (40,'F.5.1','Realiza lecturas técnicas y escrituras en inglés','F');
insert into indicador_de_desempeno values (40,'F.5.2','Posee habilidades básicas de comunicación oral en inglés','F');
insert into indicador_de_desempeno values (40,'G.1.1','Analiza, identifica y entiende el impacto de la computación (y la ingeniería) en un contexto global','G');
insert into indicador_de_desempeno values (40,'G.1.2','Analiza, identifica y entiende los impactos económicos de soluciones computacionales (y de ingeniería)','G');
insert into indicador_de_desempeno values (40,'G.1.3','Analiza, identifica y entiende los impactos sociales de soluciones computacionales (y de ingeniería)','G');
insert into indicador_de_desempeno values (40,'G.1.4','Analiza, identifica y entiende el impacto ambiental de soluciones de ingeniería (y computación)','G');
insert into indicador_de_desempeno values (40,'G.1.5','Analiza, identifica y entiende los impactos éticos de soluciones computacionales (y de ingeniería)','G');
insert into indicador_de_desempeno values (40,'H.1.1','Reconoce la importancia del conocimiento tanto en profundidad como en anchura','H');
insert into indicador_de_desempeno values (40,'H.1.2','Reconoce la relevancia de un proceso de aprendizaje disciplinado','H');
insert into indicador_de_desempeno values (40,'H.1.3','Está atento a la naturaleza dinámica y evolutiva de la ciencia, la ingeniería, la tecnología y la industria, y reconoce la relevancia de continuar el aprendizaje después de la graduación','H');
insert into indicador_de_desempeno values (40,'H.1.4','Atiende un entrenamiento extracurricular','H');
insert into indicador_de_desempeno values (40,'H.1.5','Desea aprender un nuevo contenido a través de investigación y estudio individual','H');
insert into indicador_de_desempeno values (40,'H.2.1','Muestra habilidades para saber y entender nuevos desarrollos en las ciencias de la computación y áreas relacionadas','H');
insert into indicador_de_desempeno values (40,'H.2.2','Muestra responsabilidad en el automejoramiento para sobrepasar debilidades','H');
insert into indicador_de_desempeno values (40,'H.2.3','Es capaz de accesar, coleccionar, clasificar e interpretar y evaluar críticamente información de múltiples fuentes y enlazarla con conocimiento previo','H');
insert into indicador_de_desempeno values (40,'H.2.4','Observa cuidadosa y críticamente artefactos computacionales y modelos para alcanzar un entendimiento de las razones detrás de sus diseños','H');
insert into indicador_de_desempeno values (40,'I.1.1','Es conciente de la relación entre software y hardware cuando se implementan soluciones tecnológicas','I');
insert into indicador_de_desempeno values (40,'I.2.1','Usa herramientas de diseño de software, simulación y modelado','I');
insert into indicador_de_desempeno values (40,'I.2.2','Muestra flexibilidad para adaptarse a diferentes lenguajes y paradigmas de programación','I');
insert into indicador_de_desempeno values (40,'I.2.3','Usa apropiadamente herramientas de desarrollo de software','I');
insert into indicador_de_desempeno values (40,'I.2.4','Muestra proficiencia en el uso, configuración y ajustes de herramientas, aplicaciones y servicios de software y sistemas operativos','I');
insert into indicador_de_desempeno values (40,'I.3.1','Está al tanto del estado del arte de las prácticas usadas en ciencias de la computación','I');
insert into indicador_de_desempeno values (40,'I.3.2','Demuestra habilidad para engancharse en una experiencia de diseño computacional basado en industria','I');
insert into indicador_de_desempeno values (40,'J.1.1','Identifica problemas y asuntos donde la computación puede jugar un rol fundamental y reconoce la limitación de los sitemas basados en computadores','J');
insert into indicador_de_desempeno values (40,'J.1.2','Identifica restricciones y requerimientos que pueden ser usados para evaluar soluciones','J');
insert into indicador_de_desempeno values (40,'J.1.3','Usa conceptos de la matemática y la computación para definir transformaciones entre problemas','J');
insert into indicador_de_desempeno values (40,'J.1.4','Identifica principios de computación, ingeniería y científicos que pueden ser aplicados en la solución de un problema','J');
insert into indicador_de_desempeno values (40,'J.1.5','Piensa holísticamente','J');
insert into indicador_de_desempeno values (40,'J.2.1','Reconoce el rol de la matemática y la lógica como herramientas para modelar sistemas y procesos y para guiar un diseño','J');
insert into indicador_de_desempeno values (40,'J.2.2','Identifica y combina principios matemáticos, computacionales y de ingeniería que pueden ser aplicados cuando se modela una situación','J');
insert into indicador_de_desempeno values (40,'J.2.3','Reconoce la importancia de modelar cuando se resuelve un problema','J');
insert into indicador_de_desempeno values (40,'J.3.1','Toma decisiones bien informadas, basadas en principios matemáticos y computacionales, cuando diseña','J');
insert into indicador_de_desempeno values (40,'K.1.1','Asigna y estima tiempos y recursos acorde a la complejidad de la situación','K');
insert into indicador_de_desempeno values (40,'K.1.2','Asegura la calidad del software','K');
insert into indicador_de_desempeno values (40,'K.1.3','Sigue cronogramas y adapta recursos para conseguir objetivos','K');
insert into indicador_de_desempeno values (40,'K.2.1','Toma una buena y bien informada decisión sobre el lenguaje y herramientas que deben ser usados en la implementación','K');
insert into indicador_de_desempeno values (40,'K.2.2','Implementa e integra componentes de software que siguen fielmente criterios de diseño','K');
insert into indicador_de_desempeno values (40,'K.2.3','Establece invariantes y propiedades de software para probar la correctitud de una solución','K');
insert into indicador_de_desempeno values (40,'K.3.1','Evalua, verifica y valida con respecto a requerimientos y restricciones de sistemas','K');
insert into indicador_de_desempeno values (40,'K.3.2','Afina e integra hardware','K');
insert into indicador_de_desempeno values (40,'K.3.3','Identifica la evolución de un software','K');


/* Formula de Resultados de Programa */
insert into formula values ('A',1,5);
insert into formula values ('C',1,5);
insert into formula values ('F',1,2);
insert into formula values ('H',1,3);
insert into formula values ('I',1,3);

insert into formula values ('A',2,4);
insert into formula values ('C',2,4);
insert into formula values ('D',2,1);
insert into formula values ('F',2,1);
insert into formula values ('I',2,2);
insert into formula values ('J',2,2);
insert into formula values ('K',2,2);

insert into formula values ('D',3,1);
insert into formula values ('E',3,5);
insert into formula values ('F',3,5);
insert into formula values ('G',3,5);
insert into formula values ('H',3,2);

insert into formula values ('A',4,4);
insert into formula values ('F',4,1);
insert into formula values ('J',4,4);

insert into formula values ('A',5,5);
insert into formula values ('C',5,4);
insert into formula values ('F',5,4);
insert into formula values ('H',5,1);
insert into formula values ('I',5,3);
insert into formula values ('J',5,3);

insert into formula values ('A',6,1);
insert into formula values ('B',6,2);
insert into formula values ('E',6,1);
insert into formula values ('G',6,1);
insert into formula values ('I',6,1);
insert into formula values ('J',6,5);
insert into formula values ('K',6,5);

insert into formula values ('A',7,2);
insert into formula values ('C',7,5);
insert into formula values ('E',7,1);
insert into formula values ('F',7,1);
insert into formula values ('G',7,2);
insert into formula values ('I',7,5);

insert into formula values ('A',8,3);
insert into formula values ('J',8,3);
insert into formula values ('K',8,3);

insert into formula values ('A',9,3);
insert into formula values ('I',9,1);
insert into formula values ('J',9,3);

insert into formula values ('A',10,4);
insert into formula values ('B',10,5);
insert into formula values ('C',10,5);
insert into formula values ('D',10,1);
insert into formula values ('F',10,2);
insert into formula values ('I',10,2);
insert into formula values ('J',10,1);
insert into formula values ('K',10,2);

insert into formula values ('A',11,3);
insert into formula values ('B',11,2);
insert into formula values ('E',11,3);
insert into formula values ('F',11,2);
insert into formula values ('G',11,2);
insert into formula values ('H',11,3);
insert into formula values ('J',11,3);
insert into formula values ('K',11,2);

/* Definicion de la Calificacion General */
insert into instrumento (asignatura, evaluacion, porcentaje) values (1,'Parcial 1',20);
insert into instrumento (asignatura, evaluacion, porcentaje) values (1,'Parcial 2',20);
insert into instrumento (asignatura, evaluacion, porcentaje) values (1,'Parcial 3',20);
insert into instrumento (asignatura, evaluacion, porcentaje) values (1,'Tarea 1',2);
insert into instrumento (asignatura, evaluacion, porcentaje) values (1,'Tarea 2',2);
insert into instrumento (asignatura, evaluacion, porcentaje) values (1,'Tarea 3',2);
insert into instrumento (asignatura, evaluacion, porcentaje) values (1,'Tarea 4',2);
insert into instrumento (asignatura, evaluacion, porcentaje) values (1,'Tarea 5',2);
insert into instrumento (asignatura, evaluacion, porcentaje) values (1,'Exposicion',10);
insert into instrumento (asignatura, evaluacion, porcentaje) values (1,'Proyecto',20);

insert into instrumento (asignatura, evaluacion, porcentaje) values (2,'Parcial 1',15);
insert into instrumento (asignatura, evaluacion, porcentaje) values (2,'Parcial 2',15);
insert into instrumento (asignatura, evaluacion, porcentaje) values (2,'Parcial 3',15);
insert into instrumento (asignatura, evaluacion, porcentaje) values (2,'Parcial 4',10);
insert into instrumento (asignatura, evaluacion, porcentaje) values (2,'Proyecto 1',15);
insert into instrumento (asignatura, evaluacion, porcentaje) values (2,'Proyecto 2',20);
insert into instrumento (asignatura, evaluacion, porcentaje) values (2,'Laboratorio',10);

insert into instrumento (asignatura, evaluacion, porcentaje) values (3,'Exposición Códigos Ética',10);
insert into instrumento (asignatura, evaluacion, porcentaje) values (3,'Exposición Riesgos',10);
insert into instrumento (asignatura, evaluacion, porcentaje) values (3,'Socialización 1',5);
insert into instrumento (asignatura, evaluacion, porcentaje) values (3,'Socialización 2',10);
insert into instrumento (asignatura, evaluacion, porcentaje) values (3,'Informe Noticias',5);
insert into instrumento (asignatura, evaluacion, porcentaje) values (3,'Informe Lectura (tema ensayo 1)',10);
insert into instrumento (asignatura, evaluacion, porcentaje) values (3,'Ensayo 1',15);
insert into instrumento (asignatura, evaluacion, porcentaje) values (3,'Ensayo Trabajo Final',20);
insert into instrumento (asignatura, evaluacion, porcentaje) values (3,'Exposición Trabajo Final',15);

insert into instrumento (asignatura, evaluacion, porcentaje) values (4,'Parcial I',20);
insert into instrumento (asignatura, evaluacion, porcentaje) values (4,'Parcial II',20);
insert into instrumento (asignatura, evaluacion, porcentaje) values (4,'Parcial III',20);
insert into instrumento (asignatura, evaluacion, porcentaje) values (4,'Proyecto I',20);
insert into instrumento (asignatura, evaluacion, porcentaje) values (4,'Talleres',20);

insert into instrumento (asignatura, evaluacion, porcentaje) values (5,'Parcial',25);
insert into instrumento (asignatura, evaluacion, porcentaje) values (5,'Proyecto',30);
insert into instrumento (asignatura, evaluacion, porcentaje) values (5,'Reportes',10);
insert into instrumento (asignatura, evaluacion, porcentaje) values (5,'Presentación y discusiones',10);
insert into instrumento (asignatura, evaluacion, porcentaje) values (5,'Tarea',5);
insert into instrumento (asignatura, evaluacion, porcentaje) values (5,'Talleres',20);

insert into instrumento (asignatura, evaluacion, porcentaje) values (6,'Tareas y Talleres',15);
insert into instrumento (asignatura, evaluacion, porcentaje) values (6,'Primer Parcial',30);
insert into instrumento (asignatura, evaluacion, porcentaje) values (6,'Segundo Parcial',30);
insert into instrumento (asignatura, evaluacion, porcentaje) values (6,'Proyecto',25);

insert into instrumento (asignatura, evaluacion, porcentaje) values (7,'Parcial I',15);
insert into instrumento (asignatura, evaluacion, porcentaje) values (7,'Parcial II',15);
insert into instrumento (asignatura, evaluacion, porcentaje) values (7,'Parcial III',15);
insert into instrumento (asignatura, evaluacion, porcentaje) values (7,'Proyecto I',15);
insert into instrumento (asignatura, evaluacion, porcentaje) values (7,'Proyecto II',18);
insert into instrumento (asignatura, evaluacion, porcentaje) values (7,'Tarea I',5);
insert into instrumento (asignatura, evaluacion, porcentaje) values (7,'Tarea II',5);
insert into instrumento (asignatura, evaluacion, porcentaje) values (7,'Tarea III',3);
insert into instrumento (asignatura, evaluacion, porcentaje) values (7,'Tarea IV',3);
insert into instrumento (asignatura, evaluacion, porcentaje) values (7,'Laboratorios',6);

insert into instrumento (asignatura, evaluacion, porcentaje) values (8,'Exam I',25);
insert into instrumento (asignatura, evaluacion, porcentaje) values (8,'Exam II',25);
insert into instrumento (asignatura, evaluacion, porcentaje) values (8,'Exam III',25);
insert into instrumento (asignatura, evaluacion, porcentaje) values (8,'Assignments',25);

insert into instrumento (asignatura, evaluacion, porcentaje) values (9,'Primer parcial',25);
insert into instrumento (asignatura, evaluacion, porcentaje) values (9,'Segundo parcial',25);
insert into instrumento (asignatura, evaluacion, porcentaje) values (9,'Tercer parcial',25);
insert into instrumento (asignatura, evaluacion, porcentaje) values (9,'Exámenes cortos y tareas',25);

insert into instrumento (asignatura, evaluacion, porcentaje) values (10,'Tareas, Trabajos y Quices',10);
insert into instrumento (asignatura, evaluacion, porcentaje) values (10,'Exposición',5);
insert into instrumento (asignatura, evaluacion, porcentaje) values (10,'Miniproyecto - Metodología Ágil',10);
insert into instrumento (asignatura, evaluacion, porcentaje) values (10,'Primer Parcial',20);
insert into instrumento (asignatura, evaluacion, porcentaje) values (10,'Segundo Parcial',20);
insert into instrumento (asignatura, evaluacion, porcentaje) values (10,'Proyecto Semestral - Primera Entrega - Requerimientos',10);
insert into instrumento (asignatura, evaluacion, porcentaje) values (10,'Proyecto Semestral - Segunda Entrega - Diseño',10);
insert into instrumento (asignatura, evaluacion, porcentaje) values (10,'Proyecto Semestral - Tercera Entrega - Desarrollo y pruebas',15);

insert into instrumento (asignatura, evaluacion, porcentaje) values (11,'Tareas, Trabajos y Quices',25);
insert into instrumento (asignatura, evaluacion, porcentaje) values (11,'Primer Parcial',25);
insert into instrumento (asignatura, evaluacion, porcentaje) values (11,'Segundo Parcial',25);
insert into instrumento (asignatura, evaluacion, porcentaje) values (11,'Tercer Parcial',25);

/* Definicion de la Calificacion ABET */
insert into Descripcion_A_K (Id, competencia, Nivel) values (1,'A',1);
insert into Descripcion_A_K (Id, competencia, Nivel) values (2,'B',1);
insert into Descripcion_A_K (Id, competencia, Nivel) values (3,'C',1);
insert into Descripcion_A_K (Id, competencia, Nivel) values (4,'D',1);
insert into Descripcion_A_K (Id, competencia, Nivel) values (5,'E',1);
insert into Descripcion_A_K (Id, competencia, Nivel) values (6,'F',1);
insert into Descripcion_A_K (Id, competencia, Nivel) values (7,'G',1);
insert into Descripcion_A_K (Id, competencia, Nivel) values (8,'H',1);
insert into Descripcion_A_K (Id, competencia, Nivel) values (9,'I',1);
insert into Descripcion_A_K (Id, competencia, Nivel) values (10,'J',1);
insert into Descripcion_A_K (Id, competencia, Nivel) values (11,'K',1);
--insert into porcentaje_abet values(ASIGNATURA, EVALUACION, Id_COMPETENCIA, PORCENTAJE, Id, Id_Pregunta)
insert into porcentaje_abet (ASIGNATURA, EVALUACION, Id_COMPETENCIA, PORCENTAJE, Id) values (1,1,1,80,1);
insert into porcentaje_abet (ASIGNATURA, EVALUACION, Id_COMPETENCIA, PORCENTAJE, Id) values (1,1,3,0,2);
insert into porcentaje_abet (ASIGNATURA, EVALUACION, Id_COMPETENCIA, PORCENTAJE, Id) values (1,1,6,10,3);
insert into porcentaje_abet (ASIGNATURA, EVALUACION, Id_COMPETENCIA, PORCENTAJE, Id) values (1,1,8,10,4);
insert into porcentaje_abet (ASIGNATURA, EVALUACION, Id_COMPETENCIA, PORCENTAJE, Id) values (1,1,9,0,5);
insert into porcentaje_abet (ASIGNATURA, EVALUACION, Id_COMPETENCIA, PORCENTAJE, Id) values (1,2,1,30,6);
insert into porcentaje_abet (ASIGNATURA, EVALUACION, Id_COMPETENCIA, PORCENTAJE, Id) values (1,2,3,50,7);
insert into porcentaje_abet (ASIGNATURA, EVALUACION, Id_COMPETENCIA, PORCENTAJE, Id) values (1,2,6,10,8);
insert into porcentaje_abet (ASIGNATURA, EVALUACION, Id_COMPETENCIA, PORCENTAJE, Id) values (1,2,8,10,9);
insert into porcentaje_abet (ASIGNATURA, EVALUACION, Id_COMPETENCIA, PORCENTAJE, Id) values (1,2,9,0,10);
insert into porcentaje_abet (ASIGNATURA, EVALUACION, Id_COMPETENCIA, PORCENTAJE, Id) values (1,3,1,30,11);
insert into porcentaje_abet (ASIGNATURA, EVALUACION, Id_COMPETENCIA, PORCENTAJE, Id) values (1,3,3,50,12);
insert into porcentaje_abet (ASIGNATURA, EVALUACION, Id_COMPETENCIA, PORCENTAJE, Id) values (1,3,6,10,13);
insert into porcentaje_abet (ASIGNATURA, EVALUACION, Id_COMPETENCIA, PORCENTAJE, Id) values (1,3,8,10,14);
insert into porcentaje_abet (ASIGNATURA, EVALUACION, Id_COMPETENCIA, PORCENTAJE, Id) values (1,3,9,0,15);
insert into porcentaje_abet (ASIGNATURA, EVALUACION, Id_COMPETENCIA, PORCENTAJE, Id) values (1,4,1,50,16);
insert into porcentaje_abet (ASIGNATURA, EVALUACION, Id_COMPETENCIA, PORCENTAJE, Id) values (1,4,3,0,17);
insert into porcentaje_abet (ASIGNATURA, EVALUACION, Id_COMPETENCIA, PORCENTAJE, Id) values (1,4,6,5,18);
insert into porcentaje_abet (ASIGNATURA, EVALUACION, Id_COMPETENCIA, PORCENTAJE, Id) values (1,4,8,15,19);
insert into porcentaje_abet (ASIGNATURA, EVALUACION, Id_COMPETENCIA, PORCENTAJE, Id) values (1,4,9,30,20);
insert into porcentaje_abet (ASIGNATURA, EVALUACION, Id_COMPETENCIA, PORCENTAJE, Id) values (1,5,1,30,21);
insert into porcentaje_abet (ASIGNATURA, EVALUACION, Id_COMPETENCIA, PORCENTAJE, Id) values (1,5,3,0,22);
insert into porcentaje_abet (ASIGNATURA, EVALUACION, Id_COMPETENCIA, PORCENTAJE, Id) values (1,5,6,5,23);
insert into porcentaje_abet (ASIGNATURA, EVALUACION, Id_COMPETENCIA, PORCENTAJE, Id) values (1,5,8,15,24);
insert into porcentaje_abet (ASIGNATURA, EVALUACION, Id_COMPETENCIA, PORCENTAJE, Id) values (1,5,9,50,25);
insert into porcentaje_abet (ASIGNATURA, EVALUACION, Id_COMPETENCIA, PORCENTAJE, Id) values (1,6,1,15,26);
insert into porcentaje_abet (ASIGNATURA, EVALUACION, Id_COMPETENCIA, PORCENTAJE, Id) values (1,6,3,45,27);
insert into porcentaje_abet (ASIGNATURA, EVALUACION, Id_COMPETENCIA, PORCENTAJE, Id) values (1,6,6,5,28);
insert into porcentaje_abet (ASIGNATURA, EVALUACION, Id_COMPETENCIA, PORCENTAJE, Id) values (1,6,8,15,29);
insert into porcentaje_abet (ASIGNATURA, EVALUACION, Id_COMPETENCIA, PORCENTAJE, Id) values (1,6,9,20,30);
insert into porcentaje_abet (ASIGNATURA, EVALUACION, Id_COMPETENCIA, PORCENTAJE, Id) values (1,7,1,15,31);
insert into porcentaje_abet (ASIGNATURA, EVALUACION, Id_COMPETENCIA, PORCENTAJE, Id) values (1,7,3,45,32);
insert into porcentaje_abet (ASIGNATURA, EVALUACION, Id_COMPETENCIA, PORCENTAJE, Id) values (1,7,6,5,33);
insert into porcentaje_abet (ASIGNATURA, EVALUACION, Id_COMPETENCIA, PORCENTAJE, Id) values (1,7,8,15,34);
insert into porcentaje_abet (ASIGNATURA, EVALUACION, Id_COMPETENCIA, PORCENTAJE, Id) values (1,7,9,20,35);
insert into porcentaje_abet (ASIGNATURA, EVALUACION, Id_COMPETENCIA, PORCENTAJE, Id) values (1,8,1,15,36);
insert into porcentaje_abet (ASIGNATURA, EVALUACION, Id_COMPETENCIA, PORCENTAJE, Id) values (1,8,3,45,37);
insert into porcentaje_abet (ASIGNATURA, EVALUACION, Id_COMPETENCIA, PORCENTAJE, Id) values (1,8,6,5,38);
insert into porcentaje_abet (ASIGNATURA, EVALUACION, Id_COMPETENCIA, PORCENTAJE, Id) values (1,8,8,15,39);
insert into porcentaje_abet (ASIGNATURA, EVALUACION, Id_COMPETENCIA, PORCENTAJE, Id) values (1,8,9,20,40);
insert into porcentaje_abet (ASIGNATURA, EVALUACION, Id_COMPETENCIA, PORCENTAJE, Id) values (1,9,1,0,41);
insert into porcentaje_abet (ASIGNATURA, EVALUACION, Id_COMPETENCIA, PORCENTAJE, Id) values (1,9,3,0,42);
insert into porcentaje_abet (ASIGNATURA, EVALUACION, Id_COMPETENCIA, PORCENTAJE, Id) values (1,9,6,35,43);
insert into porcentaje_abet (ASIGNATURA, EVALUACION, Id_COMPETENCIA, PORCENTAJE, Id) values (1,9,8,65,44);
insert into porcentaje_abet (ASIGNATURA, EVALUACION, Id_COMPETENCIA, PORCENTAJE, Id) values (1,9,9,0,45);
insert into porcentaje_abet (ASIGNATURA, EVALUACION, Id_COMPETENCIA, PORCENTAJE, Id) values (1,10,1,15,46);
insert into porcentaje_abet (ASIGNATURA, EVALUACION, Id_COMPETENCIA, PORCENTAJE, Id) values (1,10,3,40,47);
insert into porcentaje_abet (ASIGNATURA, EVALUACION, Id_COMPETENCIA, PORCENTAJE, Id) values (1,10,6,20,48);
insert into porcentaje_abet (ASIGNATURA, EVALUACION, Id_COMPETENCIA, PORCENTAJE, Id) values (1,10,8,0,49);
insert into porcentaje_abet (ASIGNATURA, EVALUACION, Id_COMPETENCIA, PORCENTAJE, Id) values (1,10,9,25,50);

insert into porcentaje_abet (ASIGNATURA, EVALUACION, Id_COMPETENCIA, PORCENTAJE, Id) values (2,11,1,35,51);
insert into porcentaje_abet (ASIGNATURA, EVALUACION, Id_COMPETENCIA, PORCENTAJE, Id) values (2,11,3,40,52);
insert into porcentaje_abet (ASIGNATURA, EVALUACION, Id_COMPETENCIA, PORCENTAJE, Id) values (2,11,4,0,53);
insert into porcentaje_abet (ASIGNATURA, EVALUACION, Id_COMPETENCIA, PORCENTAJE, Id) values (2,11,6,0,54);
insert into porcentaje_abet (ASIGNATURA, EVALUACION, Id_COMPETENCIA, PORCENTAJE, Id) values (2,11,9,15,55);
insert into porcentaje_abet (ASIGNATURA, EVALUACION, Id_COMPETENCIA, PORCENTAJE, Id) values (2,11,10,10,56);
insert into porcentaje_abet (ASIGNATURA, EVALUACION, Id_COMPETENCIA, PORCENTAJE, Id) values (2,11,11,0,57);
insert into porcentaje_abet (ASIGNATURA, EVALUACION, Id_COMPETENCIA, PORCENTAJE, Id) values (2,12,1,25,58);
insert into porcentaje_abet (ASIGNATURA, EVALUACION, Id_COMPETENCIA, PORCENTAJE, Id) values (2,12,3,41,59);
insert into porcentaje_abet (ASIGNATURA, EVALUACION, Id_COMPETENCIA, PORCENTAJE, Id) values (2,12,4,0,60);
insert into porcentaje_abet (ASIGNATURA, EVALUACION, Id_COMPETENCIA, PORCENTAJE, Id) values (2,12,6,0,61);
insert into porcentaje_abet (ASIGNATURA, EVALUACION, Id_COMPETENCIA, PORCENTAJE, Id) values (2,12,9,14,62);
insert into porcentaje_abet (ASIGNATURA, EVALUACION, Id_COMPETENCIA, PORCENTAJE, Id) values (2,12,10,20,63);
insert into porcentaje_abet (ASIGNATURA, EVALUACION, Id_COMPETENCIA, PORCENTAJE, Id) values (2,12,11,0,64);
insert into porcentaje_abet (ASIGNATURA, EVALUACION, Id_COMPETENCIA, PORCENTAJE, Id) values (2,13,1,30,65);
insert into porcentaje_abet (ASIGNATURA, EVALUACION, Id_COMPETENCIA, PORCENTAJE, Id) values (2,13,3,27,66);
insert into porcentaje_abet (ASIGNATURA, EVALUACION, Id_COMPETENCIA, PORCENTAJE, Id) values (2,13,4,0,67);
insert into porcentaje_abet (ASIGNATURA, EVALUACION, Id_COMPETENCIA, PORCENTAJE, Id) values (2,13,6,0,68);
insert into porcentaje_abet (ASIGNATURA, EVALUACION, Id_COMPETENCIA, PORCENTAJE, Id) values (2,13,9,17,69);
insert into porcentaje_abet (ASIGNATURA, EVALUACION, Id_COMPETENCIA, PORCENTAJE, Id) values (2,13,10,26,70);
insert into porcentaje_abet (ASIGNATURA, EVALUACION, Id_COMPETENCIA, PORCENTAJE, Id) values (2,13,11,0,71);
insert into porcentaje_abet (ASIGNATURA, EVALUACION, Id_COMPETENCIA, PORCENTAJE, Id) values (2,14,1,70,72);
insert into porcentaje_abet (ASIGNATURA, EVALUACION, Id_COMPETENCIA, PORCENTAJE, Id) values (2,14,3,0,73);
insert into porcentaje_abet (ASIGNATURA, EVALUACION, Id_COMPETENCIA, PORCENTAJE, Id) values (2,14,4,0,74);
insert into porcentaje_abet (ASIGNATURA, EVALUACION, Id_COMPETENCIA, PORCENTAJE, Id) values (2,14,6,30,75);
insert into porcentaje_abet (ASIGNATURA, EVALUACION, Id_COMPETENCIA, PORCENTAJE, Id) values (2,14,9,0,76);
insert into porcentaje_abet (ASIGNATURA, EVALUACION, Id_COMPETENCIA, PORCENTAJE, Id) values (2,14,10,0,77);
insert into porcentaje_abet (ASIGNATURA, EVALUACION, Id_COMPETENCIA, PORCENTAJE, Id) values (2,14,11,0,78);
insert into porcentaje_abet (ASIGNATURA, EVALUACION, Id_COMPETENCIA, PORCENTAJE, Id) values (2,15,1,10,79);
insert into porcentaje_abet (ASIGNATURA, EVALUACION, Id_COMPETENCIA, PORCENTAJE, Id) values (2,15,3,20,80);
insert into porcentaje_abet (ASIGNATURA, EVALUACION, Id_COMPETENCIA, PORCENTAJE, Id) values (2,15,4,10,81);
insert into porcentaje_abet (ASIGNATURA, EVALUACION, Id_COMPETENCIA, PORCENTAJE, Id) values (2,15,6,3,82);
insert into porcentaje_abet (ASIGNATURA, EVALUACION, Id_COMPETENCIA, PORCENTAJE, Id) values (2,15,9,17,83);
insert into porcentaje_abet (ASIGNATURA, EVALUACION, Id_COMPETENCIA, PORCENTAJE, Id) values (2,15,10,10,84);
insert into porcentaje_abet (ASIGNATURA, EVALUACION, Id_COMPETENCIA, PORCENTAJE, Id) values (2,15,11,30,85);
insert into porcentaje_abet (ASIGNATURA, EVALUACION, Id_COMPETENCIA, PORCENTAJE, Id) values (2,16,1,10,86);
insert into porcentaje_abet (ASIGNATURA, EVALUACION, Id_COMPETENCIA, PORCENTAJE, Id) values (2,16,3,20,87);
insert into porcentaje_abet (ASIGNATURA, EVALUACION, Id_COMPETENCIA, PORCENTAJE, Id) values (2,16,4,15,88);
insert into porcentaje_abet (ASIGNATURA, EVALUACION, Id_COMPETENCIA, PORCENTAJE, Id) values (2,16,6,10,89);
insert into porcentaje_abet (ASIGNATURA, EVALUACION, Id_COMPETENCIA, PORCENTAJE, Id) values (2,16,9,10,90);
insert into porcentaje_abet (ASIGNATURA, EVALUACION, Id_COMPETENCIA, PORCENTAJE, Id) values (2,16,10,5,91);
insert into porcentaje_abet (ASIGNATURA, EVALUACION, Id_COMPETENCIA, PORCENTAJE, Id) values (2,16,11,30,92);
insert into porcentaje_abet (ASIGNATURA, EVALUACION, Id_COMPETENCIA, PORCENTAJE, Id) values (2,17,1,10,93);
insert into porcentaje_abet (ASIGNATURA, EVALUACION, Id_COMPETENCIA, PORCENTAJE, Id) values (2,17,3,18,94);
insert into porcentaje_abet (ASIGNATURA, EVALUACION, Id_COMPETENCIA, PORCENTAJE, Id) values (2,17,4,16,95);
insert into porcentaje_abet (ASIGNATURA, EVALUACION, Id_COMPETENCIA, PORCENTAJE, Id) values (2,17,6,10,96);
insert into porcentaje_abet (ASIGNATURA, EVALUACION, Id_COMPETENCIA, PORCENTAJE, Id) values (2,17,9,10,97);
insert into porcentaje_abet (ASIGNATURA, EVALUACION, Id_COMPETENCIA, PORCENTAJE, Id) values (2,17,10,16,98);
insert into porcentaje_abet (ASIGNATURA, EVALUACION, Id_COMPETENCIA, PORCENTAJE, Id) values (2,17,11,20,99);

insert into porcentaje_abet (ASIGNATURA, EVALUACION, Id_COMPETENCIA, PORCENTAJE, Id) values (3,18,4,15,100);
insert into porcentaje_abet (ASIGNATURA, EVALUACION, Id_COMPETENCIA, PORCENTAJE, Id) values (3,18,5,45,101);
insert into porcentaje_abet (ASIGNATURA, EVALUACION, Id_COMPETENCIA, PORCENTAJE, Id) values (3,18,6,20,102);
insert into porcentaje_abet (ASIGNATURA, EVALUACION, Id_COMPETENCIA, PORCENTAJE, Id) values (3,18,7,5,103);
insert into porcentaje_abet (ASIGNATURA, EVALUACION, Id_COMPETENCIA, PORCENTAJE, Id) values (3,18,8,15,104);
insert into porcentaje_abet (ASIGNATURA, EVALUACION, Id_COMPETENCIA, PORCENTAJE, Id) values (3,19,4,15,105);
insert into porcentaje_abet (ASIGNATURA, EVALUACION, Id_COMPETENCIA, PORCENTAJE, Id) values (3,19,5,20,106);
insert into porcentaje_abet (ASIGNATURA, EVALUACION, Id_COMPETENCIA, PORCENTAJE, Id) values (3,19,6,20,107);
insert into porcentaje_abet (ASIGNATURA, EVALUACION, Id_COMPETENCIA, PORCENTAJE, Id) values (3,19,7,25,108);
insert into porcentaje_abet (ASIGNATURA, EVALUACION, Id_COMPETENCIA, PORCENTAJE, Id) values (3,19,8,20,109);
insert into porcentaje_abet (ASIGNATURA, EVALUACION, Id_COMPETENCIA, PORCENTAJE, Id) values (3,20,4,0,110);
insert into porcentaje_abet (ASIGNATURA, EVALUACION, Id_COMPETENCIA, PORCENTAJE, Id) values (3,20,5,30,111);
insert into porcentaje_abet (ASIGNATURA, EVALUACION, Id_COMPETENCIA, PORCENTAJE, Id) values (3,20,6,20,112);
insert into porcentaje_abet (ASIGNATURA, EVALUACION, Id_COMPETENCIA, PORCENTAJE, Id) values (3,20,7,50,113);
insert into porcentaje_abet (ASIGNATURA, EVALUACION, Id_COMPETENCIA, PORCENTAJE, Id) values (3,20,8,0,114);
insert into porcentaje_abet (ASIGNATURA, EVALUACION, Id_COMPETENCIA, PORCENTAJE, Id) values (3,21,4,0,115);
insert into porcentaje_abet (ASIGNATURA, EVALUACION, Id_COMPETENCIA, PORCENTAJE, Id) values (3,21,5,60,116);
insert into porcentaje_abet (ASIGNATURA, EVALUACION, Id_COMPETENCIA, PORCENTAJE, Id) values (3,21,6,20,117);
insert into porcentaje_abet (ASIGNATURA, EVALUACION, Id_COMPETENCIA, PORCENTAJE, Id) values (3,21,7,0,118);
insert into porcentaje_abet (ASIGNATURA, EVALUACION, Id_COMPETENCIA, PORCENTAJE, Id) values (3,21,8,20,119);
insert into porcentaje_abet (ASIGNATURA, EVALUACION, Id_COMPETENCIA, PORCENTAJE, Id) values (3,22,4,0,120);
insert into porcentaje_abet (ASIGNATURA, EVALUACION, Id_COMPETENCIA, PORCENTAJE, Id) values (3,22,5,10,121);
insert into porcentaje_abet (ASIGNATURA, EVALUACION, Id_COMPETENCIA, PORCENTAJE, Id) values (3,22,6,10,122);
insert into porcentaje_abet (ASIGNATURA, EVALUACION, Id_COMPETENCIA, PORCENTAJE, Id) values (3,22,7,80,123);
insert into porcentaje_abet (ASIGNATURA, EVALUACION, Id_COMPETENCIA, PORCENTAJE, Id) values (3,22,8,0,124);
insert into porcentaje_abet (ASIGNATURA, EVALUACION, Id_COMPETENCIA, PORCENTAJE, Id) values (3,23,4,0,125);
insert into porcentaje_abet (ASIGNATURA, EVALUACION, Id_COMPETENCIA, PORCENTAJE, Id) values (3,23,5,0,126);
insert into porcentaje_abet (ASIGNATURA, EVALUACION, Id_COMPETENCIA, PORCENTAJE, Id) values (3,23,6,45,127);
insert into porcentaje_abet (ASIGNATURA, EVALUACION, Id_COMPETENCIA, PORCENTAJE, Id) values (3,23,7,30,128);
insert into porcentaje_abet (ASIGNATURA, EVALUACION, Id_COMPETENCIA, PORCENTAJE, Id) values (3,23,8,25,129);
insert into porcentaje_abet (ASIGNATURA, EVALUACION, Id_COMPETENCIA, PORCENTAJE, Id) values (3,24,4,0,130);
insert into porcentaje_abet (ASIGNATURA, EVALUACION, Id_COMPETENCIA, PORCENTAJE, Id) values (3,24,5,25,131);
insert into porcentaje_abet (ASIGNATURA, EVALUACION, Id_COMPETENCIA, PORCENTAJE, Id) values (3,24,6,30,132);
insert into porcentaje_abet (ASIGNATURA, EVALUACION, Id_COMPETENCIA, PORCENTAJE, Id) values (3,24,7,45,133);
insert into porcentaje_abet (ASIGNATURA, EVALUACION, Id_COMPETENCIA, PORCENTAJE, Id) values (3,24,8,0,134);
insert into porcentaje_abet (ASIGNATURA, EVALUACION, Id_COMPETENCIA, PORCENTAJE, Id) values (3,25,4,0,135);
insert into porcentaje_abet (ASIGNATURA, EVALUACION, Id_COMPETENCIA, PORCENTAJE, Id) values (3,25,5,25,136);
insert into porcentaje_abet (ASIGNATURA, EVALUACION, Id_COMPETENCIA, PORCENTAJE, Id) values (3,25,6,30,137);
insert into porcentaje_abet (ASIGNATURA, EVALUACION, Id_COMPETENCIA, PORCENTAJE, Id) values (3,25,7,45,138);
insert into porcentaje_abet (ASIGNATURA, EVALUACION, Id_COMPETENCIA, PORCENTAJE, Id) values (3,25,8,0,139);
insert into porcentaje_abet (ASIGNATURA, EVALUACION, Id_COMPETENCIA, PORCENTAJE, Id) values (3,26,4,15,140);
insert into porcentaje_abet (ASIGNATURA, EVALUACION, Id_COMPETENCIA, PORCENTAJE, Id) values (3,26,5,15,141);
insert into porcentaje_abet (ASIGNATURA, EVALUACION, Id_COMPETENCIA, PORCENTAJE, Id) values (3,26,6,20,142);
insert into porcentaje_abet (ASIGNATURA, EVALUACION, Id_COMPETENCIA, PORCENTAJE, Id) values (3,26,7,30,143);
insert into porcentaje_abet (ASIGNATURA, EVALUACION, Id_COMPETENCIA, PORCENTAJE, Id) values (3,26,8,20,144);

insert into porcentaje_abet (ASIGNATURA, EVALUACION, Id_COMPETENCIA, PORCENTAJE, Id) values (4,27,1,70,145);
insert into porcentaje_abet (ASIGNATURA, EVALUACION, Id_COMPETENCIA, PORCENTAJE, Id) values (4,27,6,20,146);
insert into porcentaje_abet (ASIGNATURA, EVALUACION, Id_COMPETENCIA, PORCENTAJE, Id) values (4,27,10,10,147);
insert into porcentaje_abet (ASIGNATURA, EVALUACION, Id_COMPETENCIA, PORCENTAJE, Id) values (4,28,1,50,148);
insert into porcentaje_abet (ASIGNATURA, EVALUACION, Id_COMPETENCIA, PORCENTAJE, Id) values (4,28,6,20,149);
insert into porcentaje_abet (ASIGNATURA, EVALUACION, Id_COMPETENCIA, PORCENTAJE, Id) values (4,28,10,30,150);
insert into porcentaje_abet (ASIGNATURA, EVALUACION, Id_COMPETENCIA, PORCENTAJE, Id) values (4,29,1,20,151);
insert into porcentaje_abet (ASIGNATURA, EVALUACION, Id_COMPETENCIA, PORCENTAJE, Id) values (4,29,6,10,152);
insert into porcentaje_abet (ASIGNATURA, EVALUACION, Id_COMPETENCIA, PORCENTAJE, Id) values (4,29,10,70,153);
insert into porcentaje_abet (ASIGNATURA, EVALUACION, Id_COMPETENCIA, PORCENTAJE, Id) values (4,30,1,50,154);
insert into porcentaje_abet (ASIGNATURA, EVALUACION, Id_COMPETENCIA, PORCENTAJE, Id) values (4,30,6,10,155);
insert into porcentaje_abet (ASIGNATURA, EVALUACION, Id_COMPETENCIA, PORCENTAJE, Id) values (4,30,10,40,156);
insert into porcentaje_abet (ASIGNATURA, EVALUACION, Id_COMPETENCIA, PORCENTAJE, Id) values (4,31,1,30,157);
insert into porcentaje_abet (ASIGNATURA, EVALUACION, Id_COMPETENCIA, PORCENTAJE, Id) values (4,31,6,0,158);
insert into porcentaje_abet (ASIGNATURA, EVALUACION, Id_COMPETENCIA, PORCENTAJE, Id) values (4,31,10,70,159);

insert into porcentaje_abet (ASIGNATURA, EVALUACION, Id_COMPETENCIA, PORCENTAJE, Id) values (5,32,1,25,160);
insert into porcentaje_abet (ASIGNATURA, EVALUACION, Id_COMPETENCIA, PORCENTAJE, Id) values (5,32,3,0,161);
insert into porcentaje_abet (ASIGNATURA, EVALUACION, Id_COMPETENCIA, PORCENTAJE, Id) values (5,32,6,0,162);
insert into porcentaje_abet (ASIGNATURA, EVALUACION, Id_COMPETENCIA, PORCENTAJE, Id) values (5,32,8,0,163);
insert into porcentaje_abet (ASIGNATURA, EVALUACION, Id_COMPETENCIA, PORCENTAJE, Id) values (5,32,9,0,164);
insert into porcentaje_abet (ASIGNATURA, EVALUACION, Id_COMPETENCIA, PORCENTAJE, Id) values (5,32,10,0,165);
insert into porcentaje_abet (ASIGNATURA, EVALUACION, Id_COMPETENCIA, PORCENTAJE, Id) values (5,33,1,0,166);
insert into porcentaje_abet (ASIGNATURA, EVALUACION, Id_COMPETENCIA, PORCENTAJE, Id) values (5,33,3,10,167);
insert into porcentaje_abet (ASIGNATURA, EVALUACION, Id_COMPETENCIA, PORCENTAJE, Id) values (5,33,6,0,168);
insert into porcentaje_abet (ASIGNATURA, EVALUACION, Id_COMPETENCIA, PORCENTAJE, Id) values (5,33,8,0,169);
insert into porcentaje_abet (ASIGNATURA, EVALUACION, Id_COMPETENCIA, PORCENTAJE, Id) values (5,33,9,5,170);
insert into porcentaje_abet (ASIGNATURA, EVALUACION, Id_COMPETENCIA, PORCENTAJE, Id) values (5,33,10,15,171);
insert into porcentaje_abet (ASIGNATURA, EVALUACION, Id_COMPETENCIA, PORCENTAJE, Id) values (5,34,1,0,172);
insert into porcentaje_abet (ASIGNATURA, EVALUACION, Id_COMPETENCIA, PORCENTAJE, Id) values (5,34,3,0,173);
insert into porcentaje_abet (ASIGNATURA, EVALUACION, Id_COMPETENCIA, PORCENTAJE, Id) values (5,34,6,10,174);
insert into porcentaje_abet (ASIGNATURA, EVALUACION, Id_COMPETENCIA, PORCENTAJE, Id) values (5,34,8,0,175);
insert into porcentaje_abet (ASIGNATURA, EVALUACION, Id_COMPETENCIA, PORCENTAJE, Id) values (5,34,9,0,176);
insert into porcentaje_abet (ASIGNATURA, EVALUACION, Id_COMPETENCIA, PORCENTAJE, Id) values (5,34,10,0,177);
insert into porcentaje_abet (ASIGNATURA, EVALUACION, Id_COMPETENCIA, PORCENTAJE, Id) values (5,35,1,0,178);
insert into porcentaje_abet (ASIGNATURA, EVALUACION, Id_COMPETENCIA, PORCENTAJE, Id) values (5,35,3,0,179);
insert into porcentaje_abet (ASIGNATURA, EVALUACION, Id_COMPETENCIA, PORCENTAJE, Id) values (5,35,6,10,180);
insert into porcentaje_abet (ASIGNATURA, EVALUACION, Id_COMPETENCIA, PORCENTAJE, Id) values (5,35,8,0,181);
insert into porcentaje_abet (ASIGNATURA, EVALUACION, Id_COMPETENCIA, PORCENTAJE, Id) values (5,35,9,0,182);
insert into porcentaje_abet (ASIGNATURA, EVALUACION, Id_COMPETENCIA, PORCENTAJE, Id) values (5,35,10,0,183);
insert into porcentaje_abet (ASIGNATURA, EVALUACION, Id_COMPETENCIA, PORCENTAJE, Id) values (5,36,1,0,184);
insert into porcentaje_abet (ASIGNATURA, EVALUACION, Id_COMPETENCIA, PORCENTAJE, Id) values (5,36,3,0,185);
insert into porcentaje_abet (ASIGNATURA, EVALUACION, Id_COMPETENCIA, PORCENTAJE, Id) values (5,36,6,0,186);
insert into porcentaje_abet (ASIGNATURA, EVALUACION, Id_COMPETENCIA, PORCENTAJE, Id) values (5,36,8,5,187);
insert into porcentaje_abet (ASIGNATURA, EVALUACION, Id_COMPETENCIA, PORCENTAJE, Id) values (5,36,9,0,188);
insert into porcentaje_abet (ASIGNATURA, EVALUACION, Id_COMPETENCIA, PORCENTAJE, Id) values (5,36,10,0,189);
insert into porcentaje_abet (ASIGNATURA, EVALUACION, Id_COMPETENCIA, PORCENTAJE, Id) values (5,37,1,0,190);
insert into porcentaje_abet (ASIGNATURA, EVALUACION, Id_COMPETENCIA, PORCENTAJE, Id) values (5,37,3,10,191);
insert into porcentaje_abet (ASIGNATURA, EVALUACION, Id_COMPETENCIA, PORCENTAJE, Id) values (5,37,6,0,192);
insert into porcentaje_abet (ASIGNATURA, EVALUACION, Id_COMPETENCIA, PORCENTAJE, Id) values (5,37,8,0,193);
insert into porcentaje_abet (ASIGNATURA, EVALUACION, Id_COMPETENCIA, PORCENTAJE, Id) values (5,37,9,10,194);
insert into porcentaje_abet (ASIGNATURA, EVALUACION, Id_COMPETENCIA, PORCENTAJE, Id) values (5,37,10,0,195);

insert into porcentaje_abet (ASIGNATURA, EVALUACION, Id_COMPETENCIA, PORCENTAJE, Id) values (6,38,1,6,196);
insert into porcentaje_abet (ASIGNATURA, EVALUACION, Id_COMPETENCIA, PORCENTAJE, Id) values (6,38,2,13,197);
insert into porcentaje_abet (ASIGNATURA, EVALUACION, Id_COMPETENCIA, PORCENTAJE, Id) values (6,38,5,6,198);
insert into porcentaje_abet (ASIGNATURA, EVALUACION, Id_COMPETENCIA, PORCENTAJE, Id) values (6,38,7,6,199);
insert into porcentaje_abet (ASIGNATURA, EVALUACION, Id_COMPETENCIA, PORCENTAJE, Id) values (6,38,9,13,200);
insert into porcentaje_abet (ASIGNATURA, EVALUACION, Id_COMPETENCIA, PORCENTAJE, Id) values (6,38,10,25,201);
insert into porcentaje_abet (ASIGNATURA, EVALUACION, Id_COMPETENCIA, PORCENTAJE, Id) values (6,38,11,31,202);
insert into porcentaje_abet (ASIGNATURA, EVALUACION, Id_COMPETENCIA, PORCENTAJE, Id) values (6,39,1,6,203);
insert into porcentaje_abet (ASIGNATURA, EVALUACION, Id_COMPETENCIA, PORCENTAJE, Id) values (6,39,2,13,204);
insert into porcentaje_abet (ASIGNATURA, EVALUACION, Id_COMPETENCIA, PORCENTAJE, Id) values (6,39,5,6,205);
insert into porcentaje_abet (ASIGNATURA, EVALUACION, Id_COMPETENCIA, PORCENTAJE, Id) values (6,39,7,6,206);
insert into porcentaje_abet (ASIGNATURA, EVALUACION, Id_COMPETENCIA, PORCENTAJE, Id) values (6,39,9,0,207);
insert into porcentaje_abet (ASIGNATURA, EVALUACION, Id_COMPETENCIA, PORCENTAJE, Id) values (6,39,10,38,208);
insert into porcentaje_abet (ASIGNATURA, EVALUACION, Id_COMPETENCIA, PORCENTAJE, Id) values (6,39,11,31,209);
insert into porcentaje_abet (ASIGNATURA, EVALUACION, Id_COMPETENCIA, PORCENTAJE, Id) values (6,40,1,6,210);
insert into porcentaje_abet (ASIGNATURA, EVALUACION, Id_COMPETENCIA, PORCENTAJE, Id) values (6,40,2,13,211);
insert into porcentaje_abet (ASIGNATURA, EVALUACION, Id_COMPETENCIA, PORCENTAJE, Id) values (6,40,5,6,212);
insert into porcentaje_abet (ASIGNATURA, EVALUACION, Id_COMPETENCIA, PORCENTAJE, Id) values (6,40,7,6,213);
insert into porcentaje_abet (ASIGNATURA, EVALUACION, Id_COMPETENCIA, PORCENTAJE, Id) values (6,40,9,0,214);
insert into porcentaje_abet (ASIGNATURA, EVALUACION, Id_COMPETENCIA, PORCENTAJE, Id) values (6,40,10,38,215);
insert into porcentaje_abet (ASIGNATURA, EVALUACION, Id_COMPETENCIA, PORCENTAJE, Id) values (6,40,11,31,216);
insert into porcentaje_abet (ASIGNATURA, EVALUACION, Id_COMPETENCIA, PORCENTAJE, Id) values (6,41,1,6,217);
insert into porcentaje_abet (ASIGNATURA, EVALUACION, Id_COMPETENCIA, PORCENTAJE, Id) values (6,41,2,13,218);
insert into porcentaje_abet (ASIGNATURA, EVALUACION, Id_COMPETENCIA, PORCENTAJE, Id) values (6,41,5,6,219);
insert into porcentaje_abet (ASIGNATURA, EVALUACION, Id_COMPETENCIA, PORCENTAJE, Id) values (6,41,7,6,220);
insert into porcentaje_abet (ASIGNATURA, EVALUACION, Id_COMPETENCIA, PORCENTAJE, Id) values (6,41,9,13,221);
insert into porcentaje_abet (ASIGNATURA, EVALUACION, Id_COMPETENCIA, PORCENTAJE, Id) values (6,41,10,25,222);
insert into porcentaje_abet (ASIGNATURA, EVALUACION, Id_COMPETENCIA, PORCENTAJE, Id) values (6,41,11,31,223);

insert into porcentaje_abet (ASIGNATURA, EVALUACION, Id_COMPETENCIA, PORCENTAJE, Id) values (7,42,1,15,224);
insert into porcentaje_abet (ASIGNATURA, EVALUACION, Id_COMPETENCIA, PORCENTAJE, Id) values (7,42,3,60,225);
insert into porcentaje_abet (ASIGNATURA, EVALUACION, Id_COMPETENCIA, PORCENTAJE, Id) values (7,42,5,0,226);
insert into porcentaje_abet (ASIGNATURA, EVALUACION, Id_COMPETENCIA, PORCENTAJE, Id) values (7,42,6,10,227);
insert into porcentaje_abet (ASIGNATURA, EVALUACION, Id_COMPETENCIA, PORCENTAJE, Id) values (7,42,7,15,228);
insert into porcentaje_abet (ASIGNATURA, EVALUACION, Id_COMPETENCIA, PORCENTAJE, Id) values (7,42,9,0,229);
insert into porcentaje_abet (ASIGNATURA, EVALUACION, Id_COMPETENCIA, PORCENTAJE, Id) values (7,43,1,35,230);
insert into porcentaje_abet (ASIGNATURA, EVALUACION, Id_COMPETENCIA, PORCENTAJE, Id) values (7,43,3,15,231);
insert into porcentaje_abet (ASIGNATURA, EVALUACION, Id_COMPETENCIA, PORCENTAJE, Id) values (7,43,5,0,232);
insert into porcentaje_abet (ASIGNATURA, EVALUACION, Id_COMPETENCIA, PORCENTAJE, Id) values (7,43,6,0,233);
insert into porcentaje_abet (ASIGNATURA, EVALUACION, Id_COMPETENCIA, PORCENTAJE, Id) values (7,43,7,0,234);
insert into porcentaje_abet (ASIGNATURA, EVALUACION, Id_COMPETENCIA, PORCENTAJE, Id) values (7,43,9,50,235);
insert into porcentaje_abet (ASIGNATURA, EVALUACION, Id_COMPETENCIA, PORCENTAJE, Id) values (7,44,1,10,236);
insert into porcentaje_abet (ASIGNATURA, EVALUACION, Id_COMPETENCIA, PORCENTAJE, Id) values (7,44,3,40,237);
insert into porcentaje_abet (ASIGNATURA, EVALUACION, Id_COMPETENCIA, PORCENTAJE, Id) values (7,44,5,0,238);
insert into porcentaje_abet (ASIGNATURA, EVALUACION, Id_COMPETENCIA, PORCENTAJE, Id) values (7,44,6,0,239);
insert into porcentaje_abet (ASIGNATURA, EVALUACION, Id_COMPETENCIA, PORCENTAJE, Id) values (7,44,7,0,240);
insert into porcentaje_abet (ASIGNATURA, EVALUACION, Id_COMPETENCIA, PORCENTAJE, Id) values (7,44,9,50,241);
insert into porcentaje_abet (ASIGNATURA, EVALUACION, Id_COMPETENCIA, PORCENTAJE, Id) values (7,45,1,0,242);
insert into porcentaje_abet (ASIGNATURA, EVALUACION, Id_COMPETENCIA, PORCENTAJE, Id) values (7,45,3,40,243);
insert into porcentaje_abet (ASIGNATURA, EVALUACION, Id_COMPETENCIA, PORCENTAJE, Id) values (7,45,5,10,244);
insert into porcentaje_abet (ASIGNATURA, EVALUACION, Id_COMPETENCIA, PORCENTAJE, Id) values (7,45,6,5,245);
insert into porcentaje_abet (ASIGNATURA, EVALUACION, Id_COMPETENCIA, PORCENTAJE, Id) values (7,45,7,15,246);
insert into porcentaje_abet (ASIGNATURA, EVALUACION, Id_COMPETENCIA, PORCENTAJE, Id) values (7,45,9,30,247);
insert into porcentaje_abet (ASIGNATURA, EVALUACION, Id_COMPETENCIA, PORCENTAJE, Id) values (7,46,1,0,248);
insert into porcentaje_abet (ASIGNATURA, EVALUACION, Id_COMPETENCIA, PORCENTAJE, Id) values (7,46,3,40,249);
insert into porcentaje_abet (ASIGNATURA, EVALUACION, Id_COMPETENCIA, PORCENTAJE, Id) values (7,46,5,10,250);
insert into porcentaje_abet (ASIGNATURA, EVALUACION, Id_COMPETENCIA, PORCENTAJE, Id) values (7,46,6,0,251);
insert into porcentaje_abet (ASIGNATURA, EVALUACION, Id_COMPETENCIA, PORCENTAJE, Id) values (7,46,7,10,252);
insert into porcentaje_abet (ASIGNATURA, EVALUACION, Id_COMPETENCIA, PORCENTAJE, Id) values (7,46,9,40,253);
insert into porcentaje_abet (ASIGNATURA, EVALUACION, Id_COMPETENCIA, PORCENTAJE, Id) values (7,47,1,0,254);
insert into porcentaje_abet (ASIGNATURA, EVALUACION, Id_COMPETENCIA, PORCENTAJE, Id) values (7,47,3,0,255);
insert into porcentaje_abet (ASIGNATURA, EVALUACION, Id_COMPETENCIA, PORCENTAJE, Id) values (7,47,5,20,256);
insert into porcentaje_abet (ASIGNATURA, EVALUACION, Id_COMPETENCIA, PORCENTAJE, Id) values (7,47,6,35,257);
insert into porcentaje_abet (ASIGNATURA, EVALUACION, Id_COMPETENCIA, PORCENTAJE, Id) values (7,47,7,45,258);
insert into porcentaje_abet (ASIGNATURA, EVALUACION, Id_COMPETENCIA, PORCENTAJE, Id) values (7,47,9,0,259);
insert into porcentaje_abet (ASIGNATURA, EVALUACION, Id_COMPETENCIA, PORCENTAJE, Id) values (7,48,1,0,260);
insert into porcentaje_abet (ASIGNATURA, EVALUACION, Id_COMPETENCIA, PORCENTAJE, Id) values (7,48,3,0,261);
insert into porcentaje_abet (ASIGNATURA, EVALUACION, Id_COMPETENCIA, PORCENTAJE, Id) values (7,48,5,20,262);
insert into porcentaje_abet (ASIGNATURA, EVALUACION, Id_COMPETENCIA, PORCENTAJE, Id) values (7,48,6,35,263);
insert into porcentaje_abet (ASIGNATURA, EVALUACION, Id_COMPETENCIA, PORCENTAJE, Id) values (7,48,7,45,264);
insert into porcentaje_abet (ASIGNATURA, EVALUACION, Id_COMPETENCIA, PORCENTAJE, Id) values (7,48,9,0,265);
insert into porcentaje_abet (ASIGNATURA, EVALUACION, Id_COMPETENCIA, PORCENTAJE, Id) values (7,49,1,90,266);
insert into porcentaje_abet (ASIGNATURA, EVALUACION, Id_COMPETENCIA, PORCENTAJE, Id) values (7,49,3,0,267);
insert into porcentaje_abet (ASIGNATURA, EVALUACION, Id_COMPETENCIA, PORCENTAJE, Id) values (7,49,5,0,268);
insert into porcentaje_abet (ASIGNATURA, EVALUACION, Id_COMPETENCIA, PORCENTAJE, Id) values (7,49,6,10,269);
insert into porcentaje_abet (ASIGNATURA, EVALUACION, Id_COMPETENCIA, PORCENTAJE, Id) values (7,49,7,0,270);
insert into porcentaje_abet (ASIGNATURA, EVALUACION, Id_COMPETENCIA, PORCENTAJE, Id) values (7,49,9,0,271);
insert into porcentaje_abet (ASIGNATURA, EVALUACION, Id_COMPETENCIA, PORCENTAJE, Id) values (7,50,1,30,272);
insert into porcentaje_abet (ASIGNATURA, EVALUACION, Id_COMPETENCIA, PORCENTAJE, Id) values (7,50,3,60,273);
insert into porcentaje_abet (ASIGNATURA, EVALUACION, Id_COMPETENCIA, PORCENTAJE, Id) values (7,50,5,0,274);
insert into porcentaje_abet (ASIGNATURA, EVALUACION, Id_COMPETENCIA, PORCENTAJE, Id) values (7,50,6,10,275);
insert into porcentaje_abet (ASIGNATURA, EVALUACION, Id_COMPETENCIA, PORCENTAJE, Id) values (7,50,7,0,276);
insert into porcentaje_abet (ASIGNATURA, EVALUACION, Id_COMPETENCIA, PORCENTAJE, Id) values (7,50,9,0,277);
insert into porcentaje_abet (ASIGNATURA, EVALUACION, Id_COMPETENCIA, PORCENTAJE, Id) values (7,51,1,0,278);
insert into porcentaje_abet (ASIGNATURA, EVALUACION, Id_COMPETENCIA, PORCENTAJE, Id) values (7,51,3,0,279);
insert into porcentaje_abet (ASIGNATURA, EVALUACION, Id_COMPETENCIA, PORCENTAJE, Id) values (7,51,5,0,280);
insert into porcentaje_abet (ASIGNATURA, EVALUACION, Id_COMPETENCIA, PORCENTAJE, Id) values (7,51,6,0,281);
insert into porcentaje_abet (ASIGNATURA, EVALUACION, Id_COMPETENCIA, PORCENTAJE, Id) values (7,51,7,0,282);
insert into porcentaje_abet (ASIGNATURA, EVALUACION, Id_COMPETENCIA, PORCENTAJE, Id) values (7,51,9,100,283);

insert into porcentaje_abet (ASIGNATURA, EVALUACION, Id_COMPETENCIA, PORCENTAJE, Id) values (8,52,1,100,284);
insert into porcentaje_abet (ASIGNATURA, EVALUACION, Id_COMPETENCIA, PORCENTAJE, Id) values (8,52,10,0,285);
insert into porcentaje_abet (ASIGNATURA, EVALUACION, Id_COMPETENCIA, PORCENTAJE, Id) values (8,52,11,0,286);
insert into porcentaje_abet (ASIGNATURA, EVALUACION, Id_COMPETENCIA, PORCENTAJE, Id) values (8,53,1,100,287);
insert into porcentaje_abet (ASIGNATURA, EVALUACION, Id_COMPETENCIA, PORCENTAJE, Id) values (8,53,10,0,288);
insert into porcentaje_abet (ASIGNATURA, EVALUACION, Id_COMPETENCIA, PORCENTAJE, Id) values (8,53,11,0,289);
insert into porcentaje_abet (ASIGNATURA, EVALUACION, Id_COMPETENCIA, PORCENTAJE, Id) values (8,54,1,70,290);
insert into porcentaje_abet (ASIGNATURA, EVALUACION, Id_COMPETENCIA, PORCENTAJE, Id) values (8,54,10,15,291);
insert into porcentaje_abet (ASIGNATURA, EVALUACION, Id_COMPETENCIA, PORCENTAJE, Id) values (8,54,11,15,292);
insert into porcentaje_abet (ASIGNATURA, EVALUACION, Id_COMPETENCIA, PORCENTAJE, Id) values (8,55,1,0,293);
insert into porcentaje_abet (ASIGNATURA, EVALUACION, Id_COMPETENCIA, PORCENTAJE, Id) values (8,55,10,50,294);
insert into porcentaje_abet (ASIGNATURA, EVALUACION, Id_COMPETENCIA, PORCENTAJE, Id) values (8,55,11,50,295);

insert into porcentaje_abet (ASIGNATURA, EVALUACION, Id_COMPETENCIA, PORCENTAJE, Id) values (9,56,1,60,296);
insert into porcentaje_abet (ASIGNATURA, EVALUACION, Id_COMPETENCIA, PORCENTAJE, Id) values (9,56,9,0,297);
insert into porcentaje_abet (ASIGNATURA, EVALUACION, Id_COMPETENCIA, PORCENTAJE, Id) values (9,56,10,40,298);
insert into porcentaje_abet (ASIGNATURA, EVALUACION, Id_COMPETENCIA, PORCENTAJE, Id) values (9,57,1,60,299);
insert into porcentaje_abet (ASIGNATURA, EVALUACION, Id_COMPETENCIA, PORCENTAJE, Id) values (9,57,9,0,300);
insert into porcentaje_abet (ASIGNATURA, EVALUACION, Id_COMPETENCIA, PORCENTAJE, Id) values (9,57,10,40,301);
insert into porcentaje_abet (ASIGNATURA, EVALUACION, Id_COMPETENCIA, PORCENTAJE, Id) values (9,58,1,60,302);
insert into porcentaje_abet (ASIGNATURA, EVALUACION, Id_COMPETENCIA, PORCENTAJE, Id) values (9,58,9,0,303);
insert into porcentaje_abet (ASIGNATURA, EVALUACION, Id_COMPETENCIA, PORCENTAJE, Id) values (9,58,10,40,304);
insert into porcentaje_abet (ASIGNATURA, EVALUACION, Id_COMPETENCIA, PORCENTAJE, Id) values (9,59,1,30,305);
insert into porcentaje_abet (ASIGNATURA, EVALUACION, Id_COMPETENCIA, PORCENTAJE, Id) values (9,59,9,40,306);
insert into porcentaje_abet (ASIGNATURA, EVALUACION, Id_COMPETENCIA, PORCENTAJE, Id) values (9,59,10,30,307);

insert into porcentaje_abet (ASIGNATURA, EVALUACION, Id_COMPETENCIA, PORCENTAJE, Id) values (10,60,1,36,308);
insert into porcentaje_abet (ASIGNATURA, EVALUACION, Id_COMPETENCIA, PORCENTAJE, Id) values (10,60,2,28,309);
insert into porcentaje_abet (ASIGNATURA, EVALUACION, Id_COMPETENCIA, PORCENTAJE, Id) values (10,60,3,20,310);
insert into porcentaje_abet (ASIGNATURA, EVALUACION, Id_COMPETENCIA, PORCENTAJE, Id) values (10,60,4,0,311);
insert into porcentaje_abet (ASIGNATURA, EVALUACION, Id_COMPETENCIA, PORCENTAJE, Id) values (10,60,6,10,312);
insert into porcentaje_abet (ASIGNATURA, EVALUACION, Id_COMPETENCIA, PORCENTAJE, Id) values (10,60,9,0,313);
insert into porcentaje_abet (ASIGNATURA, EVALUACION, Id_COMPETENCIA, PORCENTAJE, Id) values (10,60,10,6,314);
insert into porcentaje_abet (ASIGNATURA, EVALUACION, Id_COMPETENCIA, PORCENTAJE, Id) values (10,60,11,0,315);
insert into porcentaje_abet (ASIGNATURA, EVALUACION, Id_COMPETENCIA, PORCENTAJE, Id) values (10,61,1,75,316);
insert into porcentaje_abet (ASIGNATURA, EVALUACION, Id_COMPETENCIA, PORCENTAJE, Id) values (10,61,2,0,317);
insert into porcentaje_abet (ASIGNATURA, EVALUACION, Id_COMPETENCIA, PORCENTAJE, Id) values (10,61,3,0,318);
insert into porcentaje_abet (ASIGNATURA, EVALUACION, Id_COMPETENCIA, PORCENTAJE, Id) values (10,61,4,0,319);
insert into porcentaje_abet (ASIGNATURA, EVALUACION, Id_COMPETENCIA, PORCENTAJE, Id) values (10,61,6,25,320);
insert into porcentaje_abet (ASIGNATURA, EVALUACION, Id_COMPETENCIA, PORCENTAJE, Id) values (10,61,9,0,321);
insert into porcentaje_abet (ASIGNATURA, EVALUACION, Id_COMPETENCIA, PORCENTAJE, Id) values (10,61,10,0,322);
insert into porcentaje_abet (ASIGNATURA, EVALUACION, Id_COMPETENCIA, PORCENTAJE, Id) values (10,61,11,0,323);
insert into porcentaje_abet (ASIGNATURA, EVALUACION, Id_COMPETENCIA, PORCENTAJE, Id) values (10,62,1,0,324);
insert into porcentaje_abet (ASIGNATURA, EVALUACION, Id_COMPETENCIA, PORCENTAJE, Id) values (10,62,2,30,325);
insert into porcentaje_abet (ASIGNATURA, EVALUACION, Id_COMPETENCIA, PORCENTAJE, Id) values (10,62,3,20,326);
insert into porcentaje_abet (ASIGNATURA, EVALUACION, Id_COMPETENCIA, PORCENTAJE, Id) values (10,62,4,15,327);
insert into porcentaje_abet (ASIGNATURA, EVALUACION, Id_COMPETENCIA, PORCENTAJE, Id) values (10,62,6,10,328);
insert into porcentaje_abet (ASIGNATURA, EVALUACION, Id_COMPETENCIA, PORCENTAJE, Id) values (10,62,9,15,329);
insert into porcentaje_abet (ASIGNATURA, EVALUACION, Id_COMPETENCIA, PORCENTAJE, Id) values (10,62,10,0,330);
insert into porcentaje_abet (ASIGNATURA, EVALUACION, Id_COMPETENCIA, PORCENTAJE, Id) values (10,62,11,10,331);
insert into porcentaje_abet (ASIGNATURA, EVALUACION, Id_COMPETENCIA, PORCENTAJE, Id) values (10,63,1,35,332);
insert into porcentaje_abet (ASIGNATURA, EVALUACION, Id_COMPETENCIA, PORCENTAJE, Id) values (10,63,2,55,333);
insert into porcentaje_abet (ASIGNATURA, EVALUACION, Id_COMPETENCIA, PORCENTAJE, Id) values (10,63,3,0,334);
insert into porcentaje_abet (ASIGNATURA, EVALUACION, Id_COMPETENCIA, PORCENTAJE, Id) values (10,63,4,0,335);
insert into porcentaje_abet (ASIGNATURA, EVALUACION, Id_COMPETENCIA, PORCENTAJE, Id) values (10,63,6,10,336);
insert into porcentaje_abet (ASIGNATURA, EVALUACION, Id_COMPETENCIA, PORCENTAJE, Id) values (10,63,9,0,337);
insert into porcentaje_abet (ASIGNATURA, EVALUACION, Id_COMPETENCIA, PORCENTAJE, Id) values (10,63,10,0,338);
insert into porcentaje_abet (ASIGNATURA, EVALUACION, Id_COMPETENCIA, PORCENTAJE, Id) values (10,63,11,0,339);
insert into porcentaje_abet (ASIGNATURA, EVALUACION, Id_COMPETENCIA, PORCENTAJE, Id) values (10,64,1,20,340);
insert into porcentaje_abet (ASIGNATURA, EVALUACION, Id_COMPETENCIA, PORCENTAJE, Id) values (10,64,2,0,341);
insert into porcentaje_abet (ASIGNATURA, EVALUACION, Id_COMPETENCIA, PORCENTAJE, Id) values (10,64,3,70,342);
insert into porcentaje_abet (ASIGNATURA, EVALUACION, Id_COMPETENCIA, PORCENTAJE, Id) values (10,64,4,0,343);
insert into porcentaje_abet (ASIGNATURA, EVALUACION, Id_COMPETENCIA, PORCENTAJE, Id) values (10,64,6,10,344);
insert into porcentaje_abet (ASIGNATURA, EVALUACION, Id_COMPETENCIA, PORCENTAJE, Id) values (10,64,9,0,345);
insert into porcentaje_abet (ASIGNATURA, EVALUACION, Id_COMPETENCIA, PORCENTAJE, Id) values (10,64,10,0,346);
insert into porcentaje_abet (ASIGNATURA, EVALUACION, Id_COMPETENCIA, PORCENTAJE, Id) values (10,64,11,0,347);
insert into porcentaje_abet (ASIGNATURA, EVALUACION, Id_COMPETENCIA, PORCENTAJE, Id) values (10,65,1,0,348);
insert into porcentaje_abet (ASIGNATURA, EVALUACION, Id_COMPETENCIA, PORCENTAJE, Id) values (10,65,2,60,349);
insert into porcentaje_abet (ASIGNATURA, EVALUACION, Id_COMPETENCIA, PORCENTAJE, Id) values (10,65,3,0,350);
insert into porcentaje_abet (ASIGNATURA, EVALUACION, Id_COMPETENCIA, PORCENTAJE, Id) values (10,65,4,10,351);
insert into porcentaje_abet (ASIGNATURA, EVALUACION, Id_COMPETENCIA, PORCENTAJE, Id) values (10,65,6,10,352);
insert into porcentaje_abet (ASIGNATURA, EVALUACION, Id_COMPETENCIA, PORCENTAJE, Id) values (10,65,9,20,353);
insert into porcentaje_abet (ASIGNATURA, EVALUACION, Id_COMPETENCIA, PORCENTAJE, Id) values (10,65,10,0,354);
insert into porcentaje_abet (ASIGNATURA, EVALUACION, Id_COMPETENCIA, PORCENTAJE, Id) values (10,65,11,0,355);
insert into porcentaje_abet (ASIGNATURA, EVALUACION, Id_COMPETENCIA, PORCENTAJE, Id) values (10,66,1,0,356);
insert into porcentaje_abet (ASIGNATURA, EVALUACION, Id_COMPETENCIA, PORCENTAJE, Id) values (10,66,2,0,357);
insert into porcentaje_abet (ASIGNATURA, EVALUACION, Id_COMPETENCIA, PORCENTAJE, Id) values (10,66,3,44,358);
insert into porcentaje_abet (ASIGNATURA, EVALUACION, Id_COMPETENCIA, PORCENTAJE, Id) values (10,66,4,8,359);
insert into porcentaje_abet (ASIGNATURA, EVALUACION, Id_COMPETENCIA, PORCENTAJE, Id) values (10,66,6,0,360);
insert into porcentaje_abet (ASIGNATURA, EVALUACION, Id_COMPETENCIA, PORCENTAJE, Id) values (10,66,9,15,361);
insert into porcentaje_abet (ASIGNATURA, EVALUACION, Id_COMPETENCIA, PORCENTAJE, Id) values (10,66,10,33,362);
insert into porcentaje_abet (ASIGNATURA, EVALUACION, Id_COMPETENCIA, PORCENTAJE, Id) values (10,66,11,0,363);
insert into porcentaje_abet (ASIGNATURA, EVALUACION, Id_COMPETENCIA, PORCENTAJE, Id) values (10,67,1,0,364);
insert into porcentaje_abet (ASIGNATURA, EVALUACION, Id_COMPETENCIA, PORCENTAJE, Id) values (10,67,2,0,365);
insert into porcentaje_abet (ASIGNATURA, EVALUACION, Id_COMPETENCIA, PORCENTAJE, Id) values (10,67,3,0,366);
insert into porcentaje_abet (ASIGNATURA, EVALUACION, Id_COMPETENCIA, PORCENTAJE, Id) values (10,67,4,8,367);
insert into porcentaje_abet (ASIGNATURA, EVALUACION, Id_COMPETENCIA, PORCENTAJE, Id) values (10,67,6,7,368);
insert into porcentaje_abet (ASIGNATURA, EVALUACION, Id_COMPETENCIA, PORCENTAJE, Id) values (10,67,9,30,369);
insert into porcentaje_abet (ASIGNATURA, EVALUACION, Id_COMPETENCIA, PORCENTAJE, Id) values (10,67,10,0,370);
insert into porcentaje_abet (ASIGNATURA, EVALUACION, Id_COMPETENCIA, PORCENTAJE, Id) values (10,67,11,55,371);

insert into porcentaje_abet (ASIGNATURA, EVALUACION, Id_COMPETENCIA, PORCENTAJE, Id) values (11,68,1,36,372);
insert into porcentaje_abet (ASIGNATURA, EVALUACION, Id_COMPETENCIA, PORCENTAJE, Id) values (11,68,2,28,373);
insert into porcentaje_abet (ASIGNATURA, EVALUACION, Id_COMPETENCIA, PORCENTAJE, Id) values (11,68,5,20,374);
insert into porcentaje_abet (ASIGNATURA, EVALUACION, Id_COMPETENCIA, PORCENTAJE, Id) values (11,68,6,0,375);
insert into porcentaje_abet (ASIGNATURA, EVALUACION, Id_COMPETENCIA, PORCENTAJE, Id) values (11,68,7,10,376);
insert into porcentaje_abet (ASIGNATURA, EVALUACION, Id_COMPETENCIA, PORCENTAJE, Id) values (11,68,8,0,377);
insert into porcentaje_abet (ASIGNATURA, EVALUACION, Id_COMPETENCIA, PORCENTAJE, Id) values (11,68,10,6,378);
insert into porcentaje_abet (ASIGNATURA, EVALUACION, Id_COMPETENCIA, PORCENTAJE, Id) values (11,68,11,0,379);
insert into porcentaje_abet (ASIGNATURA, EVALUACION, Id_COMPETENCIA, PORCENTAJE, Id) values (11,69,1,75,380);
insert into porcentaje_abet (ASIGNATURA, EVALUACION, Id_COMPETENCIA, PORCENTAJE, Id) values (11,69,2,0,381);
insert into porcentaje_abet (ASIGNATURA, EVALUACION, Id_COMPETENCIA, PORCENTAJE, Id) values (11,69,5,0,382);
insert into porcentaje_abet (ASIGNATURA, EVALUACION, Id_COMPETENCIA, PORCENTAJE, Id) values (11,69,6,0,383);
insert into porcentaje_abet (ASIGNATURA, EVALUACION, Id_COMPETENCIA, PORCENTAJE, Id) values (11,69,7,25,384);
insert into porcentaje_abet (ASIGNATURA, EVALUACION, Id_COMPETENCIA, PORCENTAJE, Id) values (11,69,8,0,385);
insert into porcentaje_abet (ASIGNATURA, EVALUACION, Id_COMPETENCIA, PORCENTAJE, Id) values (11,69,10,0,386);
insert into porcentaje_abet (ASIGNATURA, EVALUACION, Id_COMPETENCIA, PORCENTAJE, Id) values (11,69,11,0,387);
insert into porcentaje_abet (ASIGNATURA, EVALUACION, Id_COMPETENCIA, PORCENTAJE, Id) values (11,70,1,0,388);
insert into porcentaje_abet (ASIGNATURA, EVALUACION, Id_COMPETENCIA, PORCENTAJE, Id) values (11,70,2,30,389);
insert into porcentaje_abet (ASIGNATURA, EVALUACION, Id_COMPETENCIA, PORCENTAJE, Id) values (11,70,5,20,390);
insert into porcentaje_abet (ASIGNATURA, EVALUACION, Id_COMPETENCIA, PORCENTAJE, Id) values (11,70,6,15,391);
insert into porcentaje_abet (ASIGNATURA, EVALUACION, Id_COMPETENCIA, PORCENTAJE, Id) values (11,70,7,10,392);
insert into porcentaje_abet (ASIGNATURA, EVALUACION, Id_COMPETENCIA, PORCENTAJE, Id) values (11,70,8,15,393);
insert into porcentaje_abet (ASIGNATURA, EVALUACION, Id_COMPETENCIA, PORCENTAJE, Id) values (11,70,10,0,394);
insert into porcentaje_abet (ASIGNATURA, EVALUACION, Id_COMPETENCIA, PORCENTAJE, Id) values (11,70,11,10,395);
insert into porcentaje_abet (ASIGNATURA, EVALUACION, Id_COMPETENCIA, PORCENTAJE, Id) values (11,71,1,35,396);
insert into porcentaje_abet (ASIGNATURA, EVALUACION, Id_COMPETENCIA, PORCENTAJE, Id) values (11,71,2,55,397);
insert into porcentaje_abet (ASIGNATURA, EVALUACION, Id_COMPETENCIA, PORCENTAJE, Id) values (11,71,5,0,398);
insert into porcentaje_abet (ASIGNATURA, EVALUACION, Id_COMPETENCIA, PORCENTAJE, Id) values (11,71,6,0,399);
insert into porcentaje_abet (ASIGNATURA, EVALUACION, Id_COMPETENCIA, PORCENTAJE, Id) values (11,71,7,10,400);
insert into porcentaje_abet (ASIGNATURA, EVALUACION, Id_COMPETENCIA, PORCENTAJE, Id) values (11,71,8,0,401);
insert into porcentaje_abet (ASIGNATURA, EVALUACION, Id_COMPETENCIA, PORCENTAJE, Id) values (11,71,10,0,402);
insert into porcentaje_abet (ASIGNATURA, EVALUACION, Id_COMPETENCIA, PORCENTAJE, Id) values (11,71,11,0,403);
insert into porcentaje_abet (ASIGNATURA, EVALUACION, Id_COMPETENCIA, PORCENTAJE, Id) values (11,72,1,20,404);
insert into porcentaje_abet (ASIGNATURA, EVALUACION, Id_COMPETENCIA, PORCENTAJE, Id) values (11,72,2,0,405);
insert into porcentaje_abet (ASIGNATURA, EVALUACION, Id_COMPETENCIA, PORCENTAJE, Id) values (11,72,5,70,406);
insert into porcentaje_abet (ASIGNATURA, EVALUACION, Id_COMPETENCIA, PORCENTAJE, Id) values (11,72,6,0,407);
insert into porcentaje_abet (ASIGNATURA, EVALUACION, Id_COMPETENCIA, PORCENTAJE, Id) values (11,72,7,10,408);
insert into porcentaje_abet (ASIGNATURA, EVALUACION, Id_COMPETENCIA, PORCENTAJE, Id) values (11,72,8,0,409);
insert into porcentaje_abet (ASIGNATURA, EVALUACION, Id_COMPETENCIA, PORCENTAJE, Id) values (11,72,10,0,410);
insert into porcentaje_abet (ASIGNATURA, EVALUACION, Id_COMPETENCIA, PORCENTAJE, Id) values (11,72,11,0,411);
insert into porcentaje_abet (ASIGNATURA, EVALUACION, Id_COMPETENCIA, PORCENTAJE, Id) values (11,73,1,0,412);
insert into porcentaje_abet (ASIGNATURA, EVALUACION, Id_COMPETENCIA, PORCENTAJE, Id) values (11,73,2,60,413);
insert into porcentaje_abet (ASIGNATURA, EVALUACION, Id_COMPETENCIA, PORCENTAJE, Id) values (11,73,5,0,414);
insert into porcentaje_abet (ASIGNATURA, EVALUACION, Id_COMPETENCIA, PORCENTAJE, Id) values (11,73,6,10,415);
insert into porcentaje_abet (ASIGNATURA, EVALUACION, Id_COMPETENCIA, PORCENTAJE, Id) values (11,73,7,10,416);
insert into porcentaje_abet (ASIGNATURA, EVALUACION, Id_COMPETENCIA, PORCENTAJE, Id) values (11,73,8,20,417);
insert into porcentaje_abet (ASIGNATURA, EVALUACION, Id_COMPETENCIA, PORCENTAJE, Id) values (11,73,10,0,418);
insert into porcentaje_abet (ASIGNATURA, EVALUACION, Id_COMPETENCIA, PORCENTAJE, Id) values (11,73,11,0,419);
insert into porcentaje_abet (ASIGNATURA, EVALUACION, Id_COMPETENCIA, PORCENTAJE, Id) values (11,74,1,0,420);
insert into porcentaje_abet (ASIGNATURA, EVALUACION, Id_COMPETENCIA, PORCENTAJE, Id) values (11,74,2,0,421);
insert into porcentaje_abet (ASIGNATURA, EVALUACION, Id_COMPETENCIA, PORCENTAJE, Id) values (11,74,5,44,422);
insert into porcentaje_abet (ASIGNATURA, EVALUACION, Id_COMPETENCIA, PORCENTAJE, Id) values (11,74,6,8,423);
insert into porcentaje_abet (ASIGNATURA, EVALUACION, Id_COMPETENCIA, PORCENTAJE, Id) values (11,74,7,0,424);
insert into porcentaje_abet (ASIGNATURA, EVALUACION, Id_COMPETENCIA, PORCENTAJE, Id) values (11,74,8,15,425);
insert into porcentaje_abet (ASIGNATURA, EVALUACION, Id_COMPETENCIA, PORCENTAJE, Id) values (11,74,10,33,426);
insert into porcentaje_abet (ASIGNATURA, EVALUACION, Id_COMPETENCIA, PORCENTAJE, Id) values (11,74,11,0,427);
insert into porcentaje_abet (ASIGNATURA, EVALUACION, Id_COMPETENCIA, PORCENTAJE, Id) values (11,75,1,0,428);
insert into porcentaje_abet (ASIGNATURA, EVALUACION, Id_COMPETENCIA, PORCENTAJE, Id) values (11,75,2,0,429);
insert into porcentaje_abet (ASIGNATURA, EVALUACION, Id_COMPETENCIA, PORCENTAJE, Id) values (11,75,5,0,430);
insert into porcentaje_abet (ASIGNATURA, EVALUACION, Id_COMPETENCIA, PORCENTAJE, Id) values (11,75,6,8,431);
insert into porcentaje_abet (ASIGNATURA, EVALUACION, Id_COMPETENCIA, PORCENTAJE, Id) values (11,75,7,7,432);
insert into porcentaje_abet (ASIGNATURA, EVALUACION, Id_COMPETENCIA, PORCENTAJE, Id) values (11,75,8,30,433);
insert into porcentaje_abet (ASIGNATURA, EVALUACION, Id_COMPETENCIA, PORCENTAJE, Id) values (11,75,10,0,434);
insert into porcentaje_abet (ASIGNATURA, EVALUACION, Id_COMPETENCIA, PORCENTAJE, Id) values (11,75,11,55,435);

/* Prueba: Estudiantes (Ya se hace con los web services*/
/*insert into estudiante values ('100001','Pepito Perez',1);
insert into estudiante values ('200002','Pepita Mendieta',1);
insert into estudiante values ('100001','Pepito Perez',10);
insert into estudiante values ('200002','Pepita Mendieta',10);*/

/* Prueba: Definicion de los porcentajes de los instrumentos */
insert into porcentaje_abet values (1,1,'A.1.1',25,3,'A');
insert into porcentaje_abet values (1,1,'A.1.3',25,3,'A');
insert into porcentaje_abet values (1,1,'A.2.2',50,3,'A');
insert into porcentaje_abet values (1,1,'F.2.1',30,3,'F');
insert into porcentaje_abet values (1,1,'F.5.2',70,3,'F');
insert into porcentaje_abet values (1,1,'H.1.5',45,3,8);
insert into porcentaje_abet values (1,1,'H.2.4',55,3,'H'); 

insert into porcentaje_abet values (1,2,'A.1.1',25,3,'A');
insert into porcentaje_abet values (1,2,'A.1.3',25,3,'A');
insert into porcentaje_abet values (1,2,'A.2.2',50,3,'A');
insert into porcentaje_abet values (1,2,'C.1.1',100,3,'C');
insert into porcentaje_abet values (1,2,'F.2.1',30,3,'F');
insert into porcentaje_abet values (1,2,'F.5.1',70,3,'F');
insert into porcentaje_abet values (1,2,'H.1.3',45,3,'H');
insert into porcentaje_abet values (1,2,'H.2.2',55,3,'H'); 

insert into usuario values ('gsarria', 'Gerardo Sarria', '123',4);
insert into usuario values ('admin', 'Admin', 'mlp123', 1);


COMMIT;
